ID,NAME,SLUG,LAT,LON
1ZFtYVZ0hdOVreiMyvgS0Y,Surf Club Keros,surf-club-keros,39.917339,25.36627199999998
49e8KzMzq8suGSMoiASiIO,South Padre Island Kite Ranch,spikiteboarding,26.157448,-97.173159
37vuKXOxccIIUSS8OoQUwk,Surf Zone Cabo Verde,kitesurfingcaboverde,16.5982893,-22.908504500000006
8oN4TcJd1LbIyDDjvAPAo,Beach Addiction St Kitts Nevis,beach-addiction,17.292751,-62.685475999999994
4E441BkwsUwMAAc2qIGWSe,UAE Kitesurfing,uaekiters,24.453884,54.3773438
382WYrbwYgCsCqguImakSi,SurfTrieste,surftrieste,45.66269970000001,13.769890300000002
iOyPqHaPgO8EUCUEWMUSQ,Big Air,bigair-bari,41.11334779999999,16.914082500000006
4iy3kO7m240QoacWmceCgC,HK Kiteboarding Club,hk-kiteboardclub,22.396428,114.109497
1T52MVbR9EF4ZKqrYepDKg,Mar del Plata Kitesurf,mar-del-plata-kitesurf,-38.0054,-57.5426
2LqN5Jf66DFiA5mf0EyBmg,Guam Kiteboarding,guam-kiteboarding,13.4443,144.7937
7CnxTobLu8gsgqME64UWY0,Magic19 Kiteboarding,magic19,19.7509228,-70.4144209
5Hya5xpn1es6sQuqce0kSY,Kitetripper,kitetripper,-1.4110671,-48.4430599
6NCmCW2c6I2aQ44wY8Qyqy,Planetsports973,planetsports973,5.161131200000002,-52.64933420000001
1t6h5KqS7ecc8qcgm8eOOm,HONU KiteSchool,honu-kiteschool,-34.4613185,-58.502436
61l2oqi3bUcEAGKC44iWcO,Baltic Wind,balticwind,54.74226299999999,20.526363
6hBb7w6C6QCu0Q4CKIcsGa,KitesurfingCentre,kitesurfingcentre,-21.9997305,35.31918889999999
51ZjiHIvJ6Ga6eoKgeE06K,Jeri Kite Adventure,jeri-kite,-2.8640978,-40.49236079999999
5dfD9RC7yEW2yeI86wwqqC,King s Kites,kingskites,54.8096329,-4.9630724000000015
2WGV2v6glqyeEE42k4Eu0Y,Kite Sardegna,kitesardegna,39.0447277,8.5488439
2wAphPcAsY8WE6w4M8aIy0,Acapulco Kitesurf,acapulco-kitesurf,16.7760879,-99.7873891
4enDZjscAMgCaO4QyYMC6s,kitesurf school sicily,kitesurf-school-sicily,38.0177866,13.9302804
1yRtUiPmRSq0usiuiI8cgI,Kite School Tarifa,kiteschool-tarifa,36.01620870000001,-5.6065856
2VJny7kn7GgUm2QGWYeq4G,Mr Lee kitesurf school Mui Ne,lee-kitesurfschool-vietnam,10.95112,108.2106
nWlL7oj6i4cAqwcMaaisI,Line Up Fuerteventura,line-up-fuerteventura,28.72329939999999,-13.8680488
6fTCI5mDfr14Y3hKsdCjgt,Kitesurf BVI,kitesurf-bvi,18.42962,-64.564
2kUo6hN7tOHQfqhln1290R,Island Winds,island-winds,32.3078,-64.7505
1RlLGkwTIBQydFeV3qLFLo,Kite N'Go,kite-ngo,36.75711,2.8465
3ArAIhtKxj5x6q4uFzy6F7,Pacific Kite,pacific-kite,-17.7675,-149.408
25gSxe9Td5vQAVPjUHksmm,kiteguate,kiteguate,14.69067,-91.2025
48ACCVa06k8Gm8mkY4Maiy,The Nest Kitesurfing - Youl,thenestkitesurfing,-19.7409955,63.4574465
4SlNfroqPKWUAQ8OEgIay4,Adventure Kiteboarding,adventurekiteboarding,42.872701,-88.09628599999998
7k5h6ztOLGNnztrWvxrx7l,KiteSegnana,kitesegnana,45.8741298,10.866559100000018
6gZQhWq8Q8u4A6OeAWA0IG,361KITE,361kite,27.6120997,-97.29772829999999
2diALNyOhq22YWOiqWcwmQ,Eole Figari,eolefigari,41.481444,9.081305
YINCO79VIc6iaa8yUm8Im,Windykite,windykite,42.9061139,3.0378424
6R69u2Memkcmq8AGIcsQMo,Just in kite,just-in-kite,16.2370407,-61.3651726
2PRyNpwLjGu462OKGEKOWO,Kitesurfing.no,kitesurfing-no,58.8920858,5.601357699999999
1ssnMQGR0vrwMYtbLRqdOI,Zsurf Kite,zsurf-kite,41.81893,-1.32402
1aA3HyM6UbW33Z5OJtGoDU,JP Kiteboarding,jp-kiteboarding,10.39104,-75.4794
UKx3OUZgenasgMUq1jWG7,In The Open,in-the-open,14.58838,-60.8514
5yOc6zdkhUCOAakc2ya6Gy,Kitewise,kitewise,41.3728294,-73.4284492
49OtRdTzwT9S3Z2zjFzBPO,Foreño Escuela de Kitesurf,foreno-escuela-de-kitesurf,36.77055,-6.38228
1d4t6SzOaE68iscA2EyGQC,Zeestock Kitesurfing,zeestockkitesurfing,52.3624125,4.5174554
374Xx7kSlmHHNG4pCUC1oP,Airzone Kite School UK,airzone-kite-school-uk,50.8339071,-1.2185157000000117
3oJNgc3dPOnwD0Ot7i0fEa,Massif Kite Evasion,massif-kite-evasion,14.471331406841326,-60.86645035087895
1pA82xn6NyyyyOAimyi0WO,Wind Over Water Kiteboarding,wowkiteboarding,37.6636794,-122.3786345
5gXHE08GZOU8yyCO2GOeIE,Ocean Extreme Sports,oceanextremesports,29.8439828,-81.2711546
2zdultJvhWUsiEekCAOIYg,Escoladekitesurf,escoladekitesurfcom,41.0892382,-8.653374900000001
1kNjTTDfKgcUkAiIiicqWw,KiyaKite Surfing,kiyakitesurfing,10.9920565,-74.95591139999998
6Njcnhnk2WWQYwUg20IkQq,The Board Loft,boardloft,32.013034999999995,-80.84398490000002
7GIcJ2QN8sq2w6MQkIUW0q,Koklites,koklites,57.293422,24.408702
5kttV3vBhSck6weueU4Qck,kite club santa veronica,svkc,10.8555674,-75.1238896
4H62L90CC40ssk4goWomCW,Kite Montreal,kitemontreal,45.41511149999999,-73.6288375
44PIW6syMEwQmGUoy0qaqo,Kite Pour Tous Bretagne,kitepourtousbretagne,47.91186769999999,-3.950477
dzv6bO4IDJ3FZmRuY2GYm,Ocean Watersports,ocean-watersport-maldives,5.55,73.45000000000005
2c6i4THJ92SQQSaEIQueMO,Abysse Kite,abyssekite,45.6845682,-1.1825286
1IKHax1Qy4Mc2w4ymyogus,Awa international,awainternational,-34.7150565,-58.2931922
1JfgOG2f6w2KwEYWY06SqI,Air Pirates Kiteboarding,air-pirate,46.1878841,-123.83125339999998
1oXfw3LpUEEEEGIkyWGUkQ,Kiteboarding Asia Cha-am,kiteboardingasia-cha-am,12.7888721,99.9817161
2BWgYspFNuMym06wcO0ocE,Cubakiters,cubakiters,23.179858,-81.1885293
1VFcLM3kjuwECk2IcGkWwG,St.Kitts Kiteboarding,stkittswatersports,17.2355845,-62.62766239999999
4wUCXSLyw0AGWcc6mMcu40,Kunduchi Kite School,kunduchi-kite-school,-6.792354,39.20832840000003
1ZDsAqNAgkU6UogsCQuEYG,Mayabari Kitesurfing,mayabari,36.062698,-5.652003400000001
3bSHBRBwUUoQWyEugOaOCe,Kitepoint Sao Seba,kitepoint-sao-seba,-23.7783806,-45.4004368
5eZ2DN69zOs0EgeieceW2C,Kite Zone Dubai,kitezonedubai,25.1836741,55.2245122
vgG1leJafuKYWauY08ggw,Bora Kite School,borakiteschool,36.83294,-2.44713
2OpXcKmAIo4ecmSgqaumKi,Guyakite,guyakite,4.92242,-52.3134531
1BwqgTLtH6QuSY8wegYkKy,Caribean Kite School,caribean-kiteschool,15.8704938,-61.57893009999998
1vo7Ycgv8EEO68kASaIeuM,Kitesurf Madagascar Babaomby,kitesurfmadagascar,-12.189281,49.357838
P0haRZdAqqGm2i0yySQi8,Sensei de Kite,senseidekite,37.1503475,-1.82572
5PZoHssAusueqgQ8EIW26g,Kite Boarding Asia Chumphon,kiteboardingasia-chumpon,10.4930496,99.1800199
bO9VdXMoRqUs6oooAq2UQ,Whãnau Elements,whanauelements,39.1562393,17.1134198
V7ClEamnFsZOkDPIJiJR8,Kitesurf Case en Falafy,kitesurf-case-en-falafy,-12.2494307,49.341434299999946
PXPqUVgfAW0uUca4ySceY,Kung Fu Kite,kungfukite,42.9945323,-3.8593436
3N8vv2Bi6Qc48GUUSqimAU,MBK Kitesurf,mbk-kitesurf,50.6983754,-1.9330109
1MHORcD11W66CWo2wowWWe,Windstalkers Naples Florida kiteboarding,naplesfloridakiteboarding,26.1546116,-81.79628000000002
53AFxC15jiOgYgeaiaymWw,Essaouira kitesurf,essaouirakitesurf,31.5043488,-9.763603
3j3tCgLArCcyYkaaiMeaqo,Dakhla Evasion,dakhla-evasion,23.91401555302934,-15.77803302051393
zHmwj7eCfAYiwA684MQOY,Kiteessence,kiteessence,53.34951599999999,-6.24338
2gbRmRsn9a8I8GEcgK2e6O,ASD Abkite,abkite,41.869543,12.485621
4vZEOXRniw2EUmQMUOEYaI,Area Kiteboarding,areakiteboarding,36.6712429,-4.467115199999999
2kzVce9bVMPo8Ug4NjgRM,KiteSurfing Kings,kitesurfing-kings,50.8333052,-0.16296560000000682
1DpXKOCZHyu2YSM0YygmAC,Maximum Glisse,maximumglisse,46.8878271,-2.138669
2OZE3dAzXWYCmYE0aomUQO,Flyway,flyway,44.75757249999999,-1.1329838
jaEtd1Y1wIGGQEOaqqUO0,Carolina kitesurfing,carolinakitesurfing,34.6640909,-77.03546449999999
2KoScfY6dlMvBxWgkgQGYC,Stevokitesurf,stevokitesurf,51.0998315,2.5810802999999396
6GtXN8ySHuKSYkYKw24ySE,Xtremspots,xtremspot,40.6335608,0.7449640000000001
3PhoZgoyghlOmacbFDVdpW,Myrtle Beach Kiteboarding School,myrtle-beach-kiteboarding-school,33.6890603,-78.88669429999999
5dmDAVQYHmUgCO8K0m2sg4,Kite Boarding Asia Krabi,kiteboardingasia-krabi,8.0862997,98.9062835
62WvMYGK08u0UUSqgIQeQY,All Out Kiteboarding,aokwatersports,31.9929109,-80.84854709999998
BBwrUNXh28aIg8IO6skay,Kite A.Traction,kiteatraction,47.2078294,-2.1570232000000003
3qNQboVVPWA8Kcw48qEWuW,Kite.NNov,kite-nnov,56.73890030000001,43.2587972
5h59nzoQ5yS0A2QMiEgmGO,Skywalk Kiteboarding,skywalkkiteboarding,40.96049439999999,-72.1892314
49DlnLC5AcS4SGWu0kmem4,Kiteboarding Japan,kiteboarding-japan,34.758125799999995,137.70533390000003
6VK9kOTfUsgAOWkK46ccYu,Vetratoriya,vetratoria,46.679565,37.7383409
1HIcu1Z1puMmkUSQ0cG600,Bahia Water Sports Center,bahiawatersportscenter,28.0414543,-16.542625
5PXx5OSbXq2AW2ei4wK2MU,Es Caló Surf School,surfschool-escalo,39.5001887,2.7494032
3UPY5shnPGKaAkeo0eGiyc,Kitesurfing Zeeland,kitesurfingzeeland,51.4352905,4.1036353
4jvdvUXGGkCO0sQU6yQSQG,Kite Thailand,kiteboardingasia-pran-buri,12.3563844,99.9974084
3PmntPHxVz91rklGclYJ6,Bigdayz Kitting - Switzerland,bigdayz-kitting-swtizerland,46.4107,10.02660000000003
447e5w7WreawAAyWQWMaEI,Airzone Kitesurf School,kitesurfnz,-34.8923625,173.3129954
AhyJTYm7IxlUbnTHNIOUQ,Kitesurf Chile,kitesurf-chile,-33.9978978,-71.8334145
4NfLVD6PVmw0ykmwQusYcs,Cursos Kite Galicia,cursoskitegalicia,42.4771234,-8.9224484
3rx8asx6I0Gg6e06gMmCye,The Kite Bar,thekitebar,38.03551059999999,-121.8834327
1kGDfZEwsEHTGlsSWxLTSj,Kitesafe,kitesafe,52.37028489999999,4.530628500000034
4EvemIJIgwq1P1GmfQQmKk,Walvis Bay Kite Surf Center,walvis-bay-kite-surf-center,-22.9584,14.50575
1ZfG10bCy0oa3eDwDusOys,Kite Life,kite-life,46.48252,30.7233
vpHLDQzoXQq74pnOl2ShC,Kiteam,kiteam,46.36924,35.34163
1scuuIdJ8tVKg1qCHFBfFZ,10 Uzlov,10-uzlov,45.31846757753802,33.028126653042
2YmVgmij5UXZoRZtaTBnJk,Cocos Keeling Islands,cocos-keeling-islands,-12.1641,96.87095
7oMqQz0pUkPQdYquICMdA5,Aitutaki Kite School,aitutaki-kite-school,-18.8579,-159.785
2QqAjUtebZqpN0krBfb8DS,Kitesurf Khobar,kitesurf-khobar,26.29715633235447,50.66618999023437
173v2Zt4iwJOqc6V0PGHnY,Vanuatu Kite Surfing,vanuatu-kite-surfing,-17.7691,168.3039
1feWGDZZqq5xE9S2usCHLt,Kite Vanuatu,kite-vanuatu,-17.7332,168.3273
2BiVtZPC8IU2iOWGTL3kHh,Aquaclubdiving Djibouti,aquaclubdiving-djibouti,11.59541,43.13264
5pQYvIKaYmAjqGP4hCdfUG,Kitesurf Jamaica,kitesurf-jamaica,18.48426,-77.6023
69q5wfophikcXKMdNwpk3L,Singapore Kitesurfing,singapore-kitesurfing,1.300784,103.9121
7hdvZtjRcwzWmjRjqhVR8U,Icelandic Kiting Adventures,icelandic-kiting-adventures,64.14658,-21.9426
74HEJ0MNVvnfn3xCqzwd0r,Wind Madness,wind-madness,49.21443,-2.13125
4JOZQxm1WcLwGswSdPoU8N,Zero-stress Kiteboarding,zero-stress-kiteboarding,60.20549,24.6559
6CBwSUtG0fUrtOSUBVvQ9I,Gelebara Kite Club,gelebara-kite-club,-9.4438,147.1802
35JPiwUEPTYY31XdGAqJd4,Mr Kitesurfing,mr-kitesurfing,35.8245,10.63458
3LkAlSEZZgNdnz4eQ8ACdW,Duk kite Angola,duk-kite-angola,-8.78666,13.23222
23qVfc05y0XoZGKeovbuDi,Kitesurf Bariloche,kitesurf-bariloche,-41.1334,-71.3102
2NUtidD2ypHtHsEL80GE5m,Glory Kiteboarding,glory-kiteboarding,51.04473,-114.071
g4HTqlN4JHTrunjeuDQdP,COA Water Sports Kiteboarding,coa-water-sports-kiteboarding,20.13835,-87.4624
1rMMz8qAtFwH9m7yVaQReO,Full View Kitesurfing And Watersports,full-view-kitesurfing-and-watersports,20.13833,-87.4626
gsRFOXsFEhMHcvt7HnP65,Koox Kitesurfing Tulum,koox-kitesurfing-tulum,20.14134,-87.4611
3UDZSkmGlbMX8joS9WY46d,ProKiteTulum Kiteboarding,prokitetulum-kiteboarding,20.14272,-87.4603
15KLGkCYhqKEQ4qKgY6qe4,Mexican Caribbean Kitesurf,mexicancaribbeankitesurf,20.152189,-87.45751200000002
3dZX5iV9L21HL7XF9QTO59,Kitesurfing Sumbawa,kitesurfing-sumbawa,-8.97429,116.7427
4PZ3R47m4NmBPK05amUDHt,Kitespot Dreams,kitespot-dreams,42.26837,27.75328
5bB5d5opteEz7eVHaPcjER,Barlovento Kiteschool,barlovento-kiteschool,-41.1362,-71.3065
6hYCBN7oAuOrVO1vA1imtx,On Water Academy,on-water-academy,33.0374,-16.3625
2wmPgdkbSEGUgCr7DymZ1D,Learn2kite,learn2kite,47.4332,11.73076
1fBTdhE1Vd7huRPdgDy7mu,Kiteschule Kiteriders,kiteschule-kiteriders,47.86459,16.83466
6QcR2Z0UgUy7QKFeQ4qlPv,Kitesurfing.at,kitesurfing-at,47.86732,16.83367
5QWm3OhTR2ZZpupHPW1UKp,Kitesurf Tonga,kitesurf-tonga,-19.8472,-174.404
21du6XpUXiQHyXP4Q0z6zj,Singapore Kiteboarding,singapore-kiteboarding,1.345217,103.8649
4uRIoYjBg1JOE0dA4c5bH9,Constant Wind,constant-wind,1.316111,103.9775
5w0IXeosfSbbodgio6wCMG,Chogogo Kiteschool,chogogo-kiteschool,12.14434,-68.2655
2kfMuHyjbOGD5iN8Y9z1Pn,Kiteboarding Bonaire,kiteboarding-bonaire,12.07674,-68.2798
7M9xG4BycZ93cDq16KTTvd,Bonaire Kiteschool,bonaire-kiteschool,12.07646,-68.2798
6P763IyMEtSToqI8pMYmjH,Kiteboarding Jamaica,kiteboarding-jamaica,18.51225,-77.7477
SEK8DzyycWOE9cKucFcwQ,Kalufa Surf,kalufa-surf,29.10848,-13.6653
CHlkkqATmXs0vbdaMjmie,Scubalife,scubalife,26.29265,50.65997
15kctu8gNWwipjeMNiNGib,Jeddah Kitesurfing School Super Kite Day,jeddah-kitesurfing-school-super-kite-day,21.42289,39.32507
pX5DwT9lfTXtuZ9m8xiuA,Exuma Kitesurfing,exuma-kitesurfing,23.60213,-75.8952
AfrIAloyEUFohZbtv4Lo3,San Salvador Kitesurfing,san-salvador-kitesurfing,23.94625,-74.5016
4r91z51619IoSQIPfSraVs,Big Blue Kiteboarding School,big-blue-kiteboarding-school,21.77084,-72.1639
4jt9GahU35iKFlSMJnmkjw,Kitesurf TCI,kitesurf-tci,21.77084,-72.1639
1uMUDbf7F6lCvSf21THvje,KiteProvo Kiteboarding school,kiteprovo-kiteboarding-school,21.79391,-72.1513
5C1lsGPP5hzs2VSFo8Jz1E,Turks and Caicos Kiteboarding School,turks-and-caicos-kiteboarding-school,21.77084,-72.1639
1bxeJmBDtUyWeqAweoqKCM,Kite camp Istria,kitecampistria,44.82781139999999,13.9572036
6283vUr2eV6cf3aSAQmyFq,D&D Kiteboarding,d-and-d-kiteboarding,44.27694,28.62161
1PB898QVgOIACv8unO6KyD,AKA Kiteboarding,aka-kiteboarding,44.27694,28.62161
PMAjLxMltBeIlT4XmUKbW,Salty Sports,salty-sports,28.66911,48.36888
2n6t681JtO0ZbfXdqRNgUC,Cap Skirring Le Papayer Ecolodge,cap-skirring-le-papayer-ecolodge,12.43546,-16.7817
4vBf0CqimQUSm62aaoEoWo,Gingery Kite lessons kitesurfing,candykites,28.04668,34.42256
1j1vecFbZGEI8SaAmgACQk,Mozambique Kitesurfing School,mozambiquekitesurfing,-25.9370739,32.626681500000004
6vNJjmo4HmEOoc4qsGMMyI,Fildair,fildair,43.419779,3.601535999999999
1ECuiJ21nQ3ab5g7rg8eHa,ION Club Tarifa,ion-club-tarifa,36.06588199999999,-5.681498000000033
75NcB1BecvH8h7D4cFbSxi,4Elements Kiteboarding,4elements-kiteboarding,24.04968,-109.99
5TULjsnw4o0FSnsOjSNWCA,Ngwe Saung Yacht Club Resort,ngwe-saung-yacht-club-resort,16.80726,94.40163
3WmugU0aZDTQlE4w4rLkh6,KiteCo,kiteco,-31.8063087386358,-64.54149511108398
3aMEGMyp1S8SKcqGmweSKc,Kite Zone Club,kitezone-club-valencia,39.307387,-0.2951784
7EMrvlfHdqwJeKBjYGxDX3,Playa Central,playa-central,24.05334,-109.989
5UM9DjBB60mqQuIAgEaOWQ,Air Fly,airfly972,14.5456332,-60.83913039999999
60SNc8dsTmGq2ikOOUOsqm,Kiteboarding Cairns - KBC,kiteboardingcairns,-16.811141,145.726923
1j2h8XHuHuMKKUQWqkOAW0,Doctor Kite,doctorkite,36.61173410000001,-4.5174223
NhO8FJNV6064goWwcuwcY,BleuKite Essaouira,bleukite,31.503539,-9.7621016
2psnKjrbJCwEKiq4KwAoI,Adventure Sports Kitesurf,kitesurfaustralia,-26.4095652,153.0464242
32WASLXHyEmcgu2wEykkCO,Endless Kiteboarding,endlesskiteboarding,13.0501368,-59.51204629999999
4XytNqLzyUkKOs0G6628ki,Madinina Kitesurf,madinina-kitesurf,14.4408054,-60.8493059
3WIgyjMiyzYZkvbBwIzFcD,ZooPark Famara,zoopark-famara,29.1169767,-13.564411800000016
3lrwPal9uf16oODfR8IDBt,Valampuri Kite Resort,valampuri-kite-resort,8.248857,79.75777
6NL4oKC0d53Z3V9mkckA5l, TWKC Talamone Windsurfing Kite Center,twkc-talamone-windsurfing-kite-center,42.56269,11.14683100000002
5Mdy5FS1smsqwn6GZ1TRsA,Thalasea Kiteboarding Center Naxos,thalasea-kiteboarding-center-naxos,37.02623800000001,25.371194699999933
5l5tzW48HNBbydS0iKhjX3,Rye Watersports,rye-watersports,50.9481782,0.7552524999999832
3DaiSQs6XCLs3HNjCmDrYu,Pro Kite Club,pro-kite-club,37.8559911,12.47743969999999
FSqk2JAFw59ou7dWEjv0R,Osmosis Kiteboarding Club,osmosis-kiteboarding-club,27.385809677375498,33.68563675361554
3yMAX7mWPihBZMU3Xe9MhZ,Ocean Adventure Fuerteventura,ocean-adventure-fuerteventura,28.72362409999999,-13.866727200000014
1fNEvxisfXe257To9fGOXV,Kite School VKC,kite-school-vkc,46.11938809999999,12.352810699999964
BJXd2s42aI7USc4pCptez,Hangin Kitesurf & Kiteboard Center - Boracay,hangin-kitesurf-and-kiteboard-center-boracay,11.964903,121.92907000000002
2gDxzEUlVzIK6N5xVeCSxT,FIV Club Kiteseason,fiv-club-kiteseason,37.8559911,12.47743969999999
7CcXHUOtyj3qQuW6dFGQrz,Element Watersports,element-watersports,27.434940939000516,33.65981512742917
5Gj2WSK5pv8T6ZapVxR2CL,EASY SURF El Gouna,easy-surf-el-gouna,27.434695809596445,33.66019049250576
5HDwF1BhhAq8QxD6LoWSa3,Atlanticzin Watersports,atlanticzin_watersports,31.5056341,-9.762763800000016
6eGUjqWaRyos8oiAq0eo4a,Kite.se Swedens Kiteschool,kite-landskrona,55.68057,13.05932
iYISvDEyRi4A2iOCAMySQ,Kiteflip,kiteflip,9.6971916,100.0272024
2zaw5Itgg4QoOsiAoEWeY2,Tiki Center,tiki-center,43.4459039,3.7984063
20zjmIByVi0eWIEWwcA6YQ,Extreme Control Adventures,extremecontrol,21.51583,-87.6783
3WlWCfRrtegykqC82Gc26G,KiteLoop School,kiteloopschool,38.0169714,15.635350099999998
40Nlak437nIyaTD50orvka,Kook Proof Activity Center Portugal,kook-proof-activity-center-portugal,41.5286054,-8.7798004
roLNevs5FIKwU8kEwm4W2,Happy Kite,happy-kite,28.478101462078268,34.50277241790775
7Ji2daqMqQugc86AqIcsCA,Big Air Kite School,big-air-kiteschool,19.7509228,-70.4144209
6j7d0zxoGsoGsM8UkUSMOe,KiteSwiss,kiteswiss,47.3668951,8.5204297
5kOJndaIGksKi068mYAWMM,KiteboardingAsia Hua Hin,kiteboardingasia-hua-hin,12.553282199999998,99.9640348
3trUEEGR3r6XzrfUWBaaLL,Evolution Kiteboarding - Maui,evolution-kiteboarding-maui,20.8970292,-156.4482951
72XmEr8U10zcOb7bOMPzmz,Evolution Kiteboarding - Mexico,evolution-kiteboarding-mexico,24.0434327,-109.99161730000003
4ofjyFr1NSsyWUiEowcYgC,Skyhigh Kitesurfing,skyhighkitesurfing,-28.166667,153.533333
4dhODLhE2kG08Ue6EqAMwq,Maracajaú Kite Center,maracajaukitecenter,-5.423713999999999,-35.300698
7NnvgFGKfHkmYzk6Ij5XI,Planet Allsports - Egypt,planet-allsports-egypt,26.8334483,33.9463829
xyWvObjRzApve05cD7R0z,Kite Pirates Kiteschool,kite-pirates-kitesurfing,51.3340768,1.406599300000039
2HmAfoQNTyGecgskg22oeo,3Sixty Kitesurf Tarifa,3Sixty,36.0565829,-5.6558084000000015
19iP4gNBIUmaGQsoo4umi8,Kite Club Punta Cana,kiteclubpuntacana,18.5820101,-68.40547289999999
2GO845N144kwuUiwKMaMEs,Kite-n-Roll,kite-n-roll,8.1346074,79.71210040000003
4FaJ54lnK0Gooss2wQkWMa,Good Breeze Kiteboarding,goodbreezekiteboarding,28.356718100000005,-80.6096721
59p90cZCwbcsVyN7vGRpkN,Kite Republic School,kite-republic-school,-37.8586876,144.96955630000002
4Vd4JamAD6IEm0Y0gYgK8m,Tregor Kite,tregorkite,48.83599479999999,-3.3157006
7vIUTqvx1SWcWeYGiaAKk8,Babaomby Island Lodge,babaomby-island-lodge,-12.189281,49.357838
3bZWOllRWEC6S8ssKWCgyw,CBK Hayling Island,cbk-haylingisland,50.7860204,-0.9885951
41MsdIB7iEEaSIEoWaG6Ge,Kite Foil School,kitefoilschool,43.416626,6.7755740000000015
5xazZpLpokS6qaoG84wO8A,Maskite Maswind,maskite,37.6618781,-0.7290806999999999
60s469h5SUi7FmiBJNEBtv,ION Club Mauritius,ion-club-mauritius,-20.46737004440984,57.31392011796879
5xSCmbxnzyQ4qOYqMgGEmS,Southend Kitesurfing,southendkitesurfing,51.52448620000001,0.7737605999999999
6MgMhUqI3C2yY4c8mACqmO,Radicalsurfex,radicalsurfex,40.73034930000001,0.8323554999999999
5g91nmTQesIGqQYCMGSciE,Surfstore Africa,surfstore-africa,-34.107152500000005,18.4710408
NRjzdQi5wq00O8ugqkmS4,H2Okite,h2okite,44.435708,-1.155635
1ru9cmSONMmni2dfr7pEGU,Son of Kite,son-of-kite,-20.4266478,57.36047810000002
1EV2Lm4HVG8KcgOs8oiQiS,Torre Loopa Kite Zone,torre-loopa-kitezonz,37.937264,12.4857687
6JRzYJz63CmoKUAqwSIQeG,Kitehouse Cyprus,kitehousecyprus,34.676008,33.041270000000004
2TyqDGTtdu4cMSQG2Weu2o,AlwaysWindy,alwayswindy,37.037826,28.329687
4jCYPWem92QAqaA4UsciyG,H2air Kiteschool,h2air-kiteschool,47.2261929,-2.1720646
4spU4SwvMsEeEcMYuseUyA,Kitty Hawk Kites Nags Head Croatan,kittyhawk-nags-head-croatan,35.95870470000001,-75.62524140000002
6Gds22HnEWgSGg2IEE0aqi,Dakhla Attitude,dakhla-attitude,23.894110150238966,-15.77135967602544
10RejO23gGVtnqWLSJbWBC,Caribe Kitesurf Colombia,caribe-kitesurf-colombia,10.4726565,-75.497435
5dz3SYFSZyGWGwCQcmC6EM,Ecole Kitesurf Bretagne,ecolekitesurfbretagne,48.652805,-4.191917999999999
1wnQfiJWxekUqKoMqg264A,Positivekite,positivekite,42.03749000000001,11.920246
6xJteLJ6GkeGOyiwqQ4koc,Kite Verde,kite-verde,16.5971767,-22.9019102
1w044v0klG06yg8iyIUISu,Kiteboarding Club Holland,kiteboarding-club-holland,52.94699470000001,5.4347454000000015
5aEnOpLr3YGrjQyXObxf4T,High Five Kitesurf School Cape Town,high-five-kitesurf-school-cape-town,-33.81463,18.472449900000015
5BOWMFBzNe60AEoK64m0W6,Flisvos Kitecentre,flisvos-kitecentre,37.02623800000001,25.371194699999933
5Isf6pCC1Uywgy4w62sKW6,Abu Dhabi Kitesurfing,kitesurfinguae,24.523219,54.60937999999999
109ie6e6KiW4M86cYyUCAY,Tarifa Dragon Kitesurf,tarifa-dragon,36.03516949999999,-5.623453
1tSBPyMhEkg8mIi28i2Uys,Centro Kitesurf Senigallia,kitesenigallia,43.6987397,13.2508692
5ESWDPOLbImnBUhgXLS9ZY,LearnToKitesurf.co.uk,learntokitesurf-co-uk,50.8050777,-0.43206209999993916
5zWCIGIwvuQYqYYm42gSWk,Kitexperience,kitexperience,43.5232012,4.1393594
19fbXlYBA2YAmyuMY6e2qI,Kitesurf Vietnam School,kitesurfvietnam,10.9483968,108.2055956
3Vg4otMHSUkAumoIO6s6Sc,Fuerteventura Kite School,fuerteventura-kiteschool,28.7406296,-13.8679452
5J8dVmX0K0yM8hs3gtYsJ2,Océan Vagabond Essaouira,ocean-vagabond-essaouira,31.507858,-9.76548600000001
3ZTFXcHUt7HUQLBpfdsgUH,Lancing Kitesurf School,lancing-kitesurf-school,50.8164801,-0.33731669999997393
7t4W1Wcni868m4yaOeaCAa,KGB Kiteboarding California,kgbswag,37.83870570000001,-122.3146048
6FX1PAUFW0ou8eaIwmeqI2,Vulcan Surf,vulcansurf,34.9798739,33.703635299999995
2Mb0aaF3OgsEkSGU2OOewy,Flecha Extreme,flechaextreme,37.2116741,-7.059811099999999
6FExFnAuiWOsqewIcaaqK2,Sardinia Kite School,sardiniakiteschool,40.908389,9.571104000000002
DzBSWC0o12YwGmUaueWcI,Meira Pro Center,meiraprocenter,38.508574,-9.174474
4uo0WJsp8IyOqSCGekIo0E,Kite Escola Paraiso,kiteschoolbarragrande,-2.9104518,-41.41102679999999
2k4Si13jMoWck8CAYCoGq2,Kite Village Sardegna,kitevillagesardegna,39.1311768,8.453384300000002
KSl0qJqa8Eam6AIYO2uaI,The Kite Buzz,thekitebuzz,29.4914406,32.7362591
2voLhfLoUQWgyOOW6MAEkE,NKS,nks56,47.599349,-3.114321
5LCARhd4uqQrBrpP6aBUxA,Pro Kite Villa,pro-kite-villa,26.7608965,33.52800720000005
2Nb6pOHXA4AK2siuEUgCoe,iKiTe,ikite-crete,35.3280593,25.1138071
25nVmg2VL6WkuGCaaM42GG,Kitesurfing Mallorca,kitesurfingmallorca,39.8622518,3.0960992000000003
Lbhg6vz98iAAOIkcwiQs4,Ile de Ré Kitesurf,ilederekitesurf,46.15889380000001,-1.287525
5Yz7K4k3poKWPtzwC30eq,Vilancool,vilancool,-22.0090652,35.32255429999998
2ZS9m92s9yWIG4EKuay0YY,Escuela de Kitesurf Boatkite,boatkite,39.2549937,-0.2625987
aCJxq7GLwo3G8xRiWkt9z,San Andrés Kite School - Kitesurft,san-andres-kiteschool,12.5833182,-81.6908196
XMGYEBFfciOuKguiW88gA,Booster Kite,booster-kite,43.4274976,4.9409809000000005
5cziDRGyMMSwwmc4sUu8O2,Ecole Kite de Rhuys,kite-morbihan,47.506359,-2.710177
2YOolOihagqAiOSmeaQaqU,Kite Club Corfu,kite-club-corfu,39.5238873,19.8782348
5opy6cdgD6kmcWUqcyAkOa,Surf and Kite Theologos,surfandkitetheologos,36.3740594,28.0364979
13gHoRBo0EuOgs4EAOq86I,Paros Kite Pro Center,paroskite-procenter,37.0377171,25.1014098
3zSqISHTdYgYycIWSECWcw,Allyoucansurf Holland,allyoucansurf-holland,52.75967120000001,4.6655498
4vMPlqbDRSwWAMgGE2SG2G,Alex Pastor Kite Club,alexpastor,36.0233046,-5.6117348
pyHnVgS5ck6iqUm6Moo8i,Kitesurf Club Lacanau,kitesurfclublacanau,44.967535,-1.14125
5DkfT6cGR2Q82se2oue0k6,O-rider school,o-rider-school,48.60620369999999,-2.4967694
6SjOM4eGFUQaIAAcYWsSG0,Subcielo Kiteschool,subcielo,36.0734507,-5.686742199999999
BVMzk4JicS2e82iUYmywE,Lynæs Surfcenter,lynaes-surfcenter,55.9441213,11.8630185
Ampe7VIE3mW20KGMU0SWM,Elements Kitesurfing,elementskitesurfing,53.25812220000001,-9.0945499
Nlfh9zgLqEaEoQSc4O82,Kiteboarding Tampa Bay,kiteboardingtampabay,27.7210665,-82.68958190000002
5SA1yhpCwMs6e0iugG0E8S,FORCE Kite & Wake,forcekiteandwake,32.7929375,-79.8556262
3vxyirbxLWOqGk2GW8U2S4,Kahuna Surfhouse,kahunasurfhouse,34.7920963,33.502357
514hCmw9Wwy4yQ8yM0e80m,TKS Miami Sunset Harbour,tksmiami,25.7934099,-80.14290199999998
5n3i1DKpgWMwOCEMuGuyoq,Westpoint Dakhla,westpoint-dakhla,23.7677955,-15.9248013
171kiIioiU60QY0SSioA2S,Sicily Kite School Stagnone,sicilykiteschool,37.8900391,12.4714302
1gxmDwROM8ewKkeuWUIe8A,Kite4fun,kite4fun,27.2578957,33.81160669999997
2tM4IRu85K62oyeSG0Wc0e,École de Kitesurf de la Baie de Somme,kitesurf-baiedesomme,50.1827687,1.4956063
5JLW74xxzUkUGeUasw2eis,Kite Bliss,kitebliss,-2.9097982000000004,-41.4094113
4BOWRmchcIO04Ym8WAACWM,Senigallia Kitesurfing,senigalliakitesurfing,43.6800095,13.2834922
3QTBbJ7aKAm6IKAwos48Ao,Kos Windzone,windzone-kos,36.890374,27.337888
3gEQnZzBfi2AiWgUeqGeaa,ParosKite,paroskite,37.0436365,25.2284277
1jABM3iAlOKA4Kyg6O6iyy,ION Club Fuerteventura,ion-club-fuerteventura,28.1120354,-14.2630782
3QwJRq7vAckMQqg0Mqq40Y,kite2high,kite2high,22.308885600000004,114.225174
2GI1A2SDFKesGumi2mmG2i,Surf School Usedom,surfschule-usedom,54.11498599999999,13.8484337
6RtJqW1wDSOWIcMA8sSGQK,4Elements Kite School Taiba,4elements-taiba,-3.4807374,-38.9282909
7LJ6XpVnxKKaeKQSoGyUuw,Kitty Hawk Kites Virginia,kittyhawk-virginia,36.8591141,-75.98001509999997
5EOD3KCmc0kuqcy0uUqqEc,Snowfamily,snowfamilyasd,38.0185547,15.642718900000002
6vSJJtrmGkyQwcQEaGKesw,Isla Canela Kite Paradise,islacanelakite,37.17358520000001,-7.382322999999999
4rZqQkum0U6iGQgwmiCqQa,MACkite Boardsports Center,mackiteboarding,43.0307781,-86.20719330000001
1u9k3oxqPqC0I4csoeOcuc,Mallorca Kiteboarding,mallorcakiteboarding,39.8795448,3.0801481
6Ee8mP2h0cGUciUSWsKuyY,Bali Kitesurfing,bali-kitesurfing,-8.707590099999999,115.2564912
50CEfNMC760y0qyc6cCMaI,Kite Factory,kitesurf-factory,54.6103354,13.3789021
2GnAJp52F2WQuCs40KA2GC,Kite Club Palawan,kiteclubpalawan,9.789038,118.771706
4icNbd4GGQEMyyoaOe68c6,Floripa,floripa,36.7231044,14.9165007
45Pm09n3XO6q6u8wygSKww,Gokova Kiteboard,kiteboardgokova,37.036611,28.32992
1mpXvnNNSMwWOaM0IEC8YI,Blast Kiteboarding,blastkiteboarding,51.48712560000001,-3.688600400000041
7pmHyUHcfSqssIkwcKaiw6,Kite Lab,kitelab,-33.0911905,18.032275100000003
7GITnksr7BhDZqeOahpJyb,SA Kitesurf Adventures - Cape Town,sakitesurfadventures-cape-town,-33.8181272,18.47868029999995
5OalqVqSJOqqAGEwyaMi8M,Extreme Algarve,extremealgarve,37.0933195,-8.6754661
6po5TQeatySIWEacmEIA8M,Auberge Des Nomades Du Sahara,auberge-des-nomades,23.918392800000003,-15.7733309
1Gk9nXNr1i4WUQQ66qCyay,Kite Legend School,kitelegendschool,19.7734019,-70.65139169999998
6kXxLN6SVq8iAWYGaGue4i,Plaisirkite,plaisirkite,47.4472526,-2.4500065
5iG9njY5H2yCMWiiuYEUEO,Strapless Fuerteventura,strapless-fuerteventura,28.69884,-13.892137
4tAh903mwoO2MKeqI2kUgC,Le Vie del Vento,leviedelvento,37.8891215,12.4731654
4VvnzR8ybKAmoquwcUeiKQ,KitesurfPE,kitesurfpe,-7.996580700000001,-34.838641100000004
1ZWQKNecGoAUmmK44WweYw,Floras Lake,floraslake,42.9020602,-124.5023432
1ut7pfpexpI0KBaxB5fItQ,AIRWALK Windsurf &Kitesurf &Catamatan School,airwalk-windsurf-and-kitesurf-and-catamatan-school,36.85565709999999,30.872381399999995
5XMgmQctaggi4eC0KSi44U,Simon Kiteschool,simonkiteschool,47.2714629,-2.338278
3C9rgV8KwU4UgaoQwIMSg,Paradise Kite,paradisekite,38.9201172,-0.1185915
302ZDgAEIEqCMiYayueE4a,Tartaruga Surf Center,tartarugasurf,42.4580289,-8.8845491
17uUcQCMgogQ8aWMwyAcYk,Kitesurfing Lessons Oman,kitesurfing-lessons-oman,23.605846600000003,58.3386218
65ou0vmjFCMscceQOAeyEw,NorthWest Kiteboarding,northwestkiteboarding,53.0539214,5.4063861
5hrrGGGVx3t2QaXTASxjZz,Be-Rad Watersports,be-rad-watersports,50.8090025,0.34732869999993454
7MgHuryJFKm8EOgCk82kYe,Kite Surf Ireland,kitesurfireland,52.2354515,-9.9754571
24zmwSvEqQgige2mYwSEIK,Skymonster Kitesurfing,skymonster,55.88936999999999,-3.5541150000000004
5fLIGsLaS4csaCwYyQcgw2,Blackhouse Watersport,blackhouse-watersports,55.7553164,-4.1490414
2U4cezoOAg4OI68iYoc48I,WindLife Sport Center,windlifesportcenter,39.06711300000001,17.130935000000022
16INY3pqvWo6yCqIUOgi4e,Scuola Kite Ostia - Centro Kitesurf IKO Roma,kitesurfroma,41.68185870000001,12.3786842
1zqn8UToEAW6AkMKmIuK0G,Local Salento Kitesurf,localsalentokitesurf,40.25852580000001,17.9027449
AHfadPWWpaaYc2SYiaQOu,Kitesurfing Ostia,kitesurfingostia,41.6437603,12.434722099999998
3HirlKolIImogCuCsYG8We,Heaven Kite School,heavenkiteschool,36.4521025,-5.05632879999996
2s5i7iaVsoG4k4GaEIM2EM,Ecole Kitesurf Vendée,kitesurfvendee,46.32298610000001,-1.3067508
hJOStuz37q86WUgG8oAgu,Ocean Republik,oceanrepublik,39.4471372,-0.3348372000000001
20vMGOoU4wMOIoE6SisUiq,Tropikitesurf,tropikitesurf,47.4472526,-2.4500065
12w6D9h0NawioIK8U8OgK2,Kite Boarding Galicia,kiteboardingalicia,42.42257,-8.677669999999999
4pxiUz8Q92uuKOYqqWyiym,Kite Oliva,kiteoliva,38.9066301,-0.0671301
6tUDzxmLioumSkoQUGw20O,Kitesurf Center La Manga,kitecenter-la-manga,37.655127,-0.7209770000000001
19k0Dybrm5JzJ2hKKBQ5Hm,414 Kiting,414-kiting,46.169335,9.371333
6bM3af2Jb2Wy6ssQQYqA2O,Jaws Murcia,jawsmurcia,37.819412,-0.757659
uWl8njtLZmCI0cSIwUWQ0,Kite Beach Fiumara,kitebeachfiumara,42.731796,10.961405
1FUFM8cD5KYICUeM4i2UQM,Dukite,dukite,25.153176,55.19894300000001
605c3P0w12wmIqeAQUKmOy,Addicted 2 Kite,addicted2kite,43.1325341,3.1308894
Okjztfr4WIMIGK8aqC4GW,Les Dauphins,les-dauphins,33.8075978,10.8451467
2zvvVfzKsUySKyg0WiqIs6,KitePoint Rio - K7,kitepointrio,-23.0154611,-43.3069347
2xneNOlZzGuscQK2QQUOgU,Tramontana Surf Voltri,tramontanavoltrisurf,44.4285888,8.7541462
1D4oJZiNYgS8keSyWykIiK,Salento Coast Ovest,kitesurf24,40.05585079999999,17.9926137
533ko8aASc6qiWaOgYmKai,Scuola Kitesurf Puglia,scuoladikitesurfinpuglia,40.7015834,17.323957
C9kbh7glzwQWM0cOe4Sas,Kitesurf Lecce,kitesurflecce,40.3418249,18.3622235
4aBwaARuCsUUmwAGYyeqWY,Kitoo,kitoo,42.63969760000001,3.0329317
FriRym3waau02GGc68cQW,Alex Kite School,alexkite,44.6499988,-1.1551716
jHx7QdgdUIgE0IW6sqwwo,Alex Kite,alexkite-lecce,40.1438978,18.491167800000003
1R7CYgysduaQqmYoKc8AQ2,Liberan Surf,liberansurf,42.9798175,17.1226725
7dheft0cQ8ca8moWuIUeim,Penghu Kitesurfing,penghu-kitesurfing,23.576888,119.679565
5j0CfOZfryWGm4cgk8CoAC,Kite Boarding Asia Phuket,kiteboardingasia-phuket,8.087888999999999,98.297102
4Ge1k8msWsiS6oMQcc0SqO,Cadiz Kite,cadizkite,36.6049999,-6.22261
3Kki6K3RUsg2csY0A8oqQo,Harry Nass Dahab,harry-nass-dahab,28.479716,34.500759
4vrZdiCpRKSeOAQsqwIqeE,30 Nós,30nos,-30.1230544,-51.25312839999999
73XCQ4BjKEiOkQeoqG2WCQ,Surf Kite House,surfkitehouse,36.3956383,-6.1730725
6gkYU8BuzSSOC6EuQwqSoG,RedSeaZone,redseazone,27.418822,33.674886
5WXcsEJQOIiiCu4sYwGYue,Kiteboarding Asia Pattaya,kiteboardingasia-pattaya,12.843898,100.903831
1wJVCQs524COeGqSQQ48Iu,Cuyo Watersports Association,cuyokiteboarding,10.8565005,121.0055273
1ytvdj4vzWYwkYmKeiYEcY,15 Knots,15knots,18.4434466,-66.0268949
1LA9Uk9ikE0aEu486k6oUE,En Colombia Kitesurf,encolombiakitesurf,10.468922,-75.50051599999998
dSl7CaYMTKS8IAYeiyIyC,Kiteforce,kiteforce,45.540213,-73.6362855
7rDBC1rVn2qqWY8w4C0cI8,Kaliantan Kitesurf,kaliantankitesurf,-8.8705786,116.47839810000005
6kA6YwSPqEEGswaswwkGSi,Kathadi South Kiteboarding School,quest-asia,9.2764166,79.23947609999998
7GvUtPNHwIMeMSEe0IS8ws,Kiteology DR,kiteologydr,18.6967294,-68.4459035
1Lm7cyBrIECWKIoIakAQ0g,Kite&Surf,kiteesurf-natal,-5.7059334,-35.3032689
3aDpKUqZOMu4mu2WSGCsgG,Kitesurf Sardinia School,kitesurfsardinia,39.0586917,8.452874000000065
43dGnwtf2ogKUUsKKO2usy,Kite Manglar,kitemanglar,36.13565870000001,-5.8450171
2ls3JlFoVG0kOCYWmW4YOY,Kiteline Cumbuco,kiteline-cumbuco,-3.6334777,-38.71511829999999
36bcvbcejjVa1FEbSiUD2n,Kitesurf Roatan,kitesurf-roatan,16.429548,-86.29463399999997
2dknz7tkf6Yw62cGm48SIC,AxelAir,axelair,43.5450513,3.9717565
1PtCDWx15i8S28C4wQIqi2,Sensations Kite,sensationskite,48.61439559999999,-2.0073851
27TGqpTBVSyowoA64AYE0s,Kitesurf Cayman,kitesurfcayman,19.3889891,-81.36927740000002
1SPPSFzYAgyI0EqMWSCc0w,Sud Landes Kite,sudlandeskite,43.706956,-1.433593
61BbdoLVZYkemQgcSeKgeI,Play Los Roques,playlosroques,11.9506177,-66.67569870000001
3OcMZUHo1iOIQQmSmOg2om,Le Menhir Normandie Kite,lemenhirnormandiekite,49.295689,-0.1041894
1UqHhFYxakA6qe8e4EiUso,IKC,ikc,-28.1155421,-48.6789182
1hsB4jOi3YYA8GqmwY62oy,Kite Full,kitefull,-30.046712300000006,-51.1798419
YsAsi9LiSau0sqwwaOKgU,Cuba Kite,cuba-kite,22.5409284,-78.3669754
72HerWO9Qk8aguqAUAAwKQ,Kitestrophik,kitestrophik,-2.7961157,-40.5180354
2JAF3LOKtioGyiIqWYEOoK,Boards And Fun Kite School,boards-and-fun,19.7509228,-70.4144209
60LU7KFsRioeGwu8OwamYG,Urla Kite,urlakite,38.3328417,26.645343800000006
bYHmCNdq4Sy4maiiyqwMm,P5 Beach Club,p5beachclub,-3.7442311,-38.4505536
62MJPur7qg6G0SmGGeW4gs,Atins Kite Boarding,atinskiteboarding,-2.5681792000000003,-42.7474232
UqMuXvdEQw26EQ6GKUuiq,Aruba kitesurfing,arubakitesurf,12.584546,-70.04553899999996
60Osowm1ags6kYy0uWgaUa,Kite Club Puerto Plata,kiteclubpuertoplata,19.7945288,-70.6804983
2b3dEDTeCoSiQS8gqkOU2K,DFC kiteboarding,dfc-kiteboarding,51.0556051,2.4239037
7hHHOThTpYs2mgQEeECkg8,Playa del Carmen Kiteboarding,pdckiteboarding,20.60527,-87.09732609999998
pAFnU673vauEwmEGuUwww,Tarifa Air Force,tarifa-air-force,36.01432089999999,-5.6044497
4i6nSwXSdW6uSsCA4KmYuK,Costa Azahar Watersports,costaazaharwatersports,40.082317,0.1371655
2nfn5plXOcUAUI406OiM4e,Nomad Kitesurf Colombia,nomadkiteschool,10.4384311,-75.5188904
6BPIv6oUhyQ4Mq0000IggE,Forte Kite Surf,fortekitesurf,-22.8792614,-42.0188326
5WfaLEPkjK2osICaciEy0u,Kitesurf Uruguay,kitesurfuruguay,-34.650308,-56.211816000000006
cRhqi1YgUweyuiAkSGAK8,Nix Kite Curacao,nixkitecuracao,12.16957,-68.99002
5qZzKURhduYcoGwSSykAaw,Radical Sports Tobago,radicalsportstobago,11.1647213,-60.84009779999999
4SpUB947bqymaWGGU0Aceg,MF Kite,mfkite,43.0383558,6.1188176
Rm8DQ9LX0YqScysQc2kWy,KiteCenter44,kitecenter44,47.260985,-2.341161
294CidwxwAKI82yw8AYqSA,Kite Club Cabarete,kite-club-cabarete,19.7509228,-70.4144209
46VV1Sa34cWkQGoUAIkMmC,Venturi Kite Center,venturikite,10.898887599999998,-63.9677051
6uSsY9HSkEE4u6Ac4icigy,Mallorca Kiteschool,mallorcakiteschool,39.861206,3.097846
2UwGRNWMvmS4GM2gI8S80a,KITE415,kite415,37.82436420000001,-122.377122
Tepx0jSU4CKEIoqwyEy8w,Windkite Cadiz,windkite-cadiz,36.7597613,-6.362255600000001
2VqqqXpUmsSSiOcUyKKMwO,AM Kite School,amkiteschool,-34.644662,-58.65222699999999
OkDjAoAGMoQauy46GIcwW,CBCM Boarder Club,cbcmboarderclub,42.6317329,3.0324689
2OWOMkH1UcgcMwgc8yAyok,KKS - Kercroc Kite School,kite-bretagne,47.4956834,-2.6821336
5YFShE3I1qksqU0Sy0YUa,Surfing Park Andora,surfingparkandora,43.9510849,8.1511272
6jwy6GigQEsYMKWGGmEugy,Kitesurf Vacation,kitesurfvacation,20.6279173,-87.07309459999998
1BrmY6t5ruGqye0AU62KeM,Kite X Eilat,kitexeilat,29.557669,34.951925
2YJxuHifVS6uO2qCa2qguA,The Rascals Kite Resort,rascalskiteresort,8.259773,79.76607600000001
1mQqBxxdvequAMuWYioWsa,Kite Arena,kitearena,52.379783,4.640588
6N7hvSixI4eGKaMKYaSm8c,Vietnam Kiteboarding School,vietnamkiteboardingschool,10.9478686,108.20266289999995
4grmUwm6w0imocSQ2SoYEA,Kite Surf Evasion,kitesurf-evasion,43.399461,6.730926999999999
6kVWq4D7biaACqO4IsaKqA,KTS Kite Tarifa,ktstarifa,36.0233046,-5.6117348
6vKvfDBuKcsm0eYq4Oi0Qo,Hibiskite,hibiskite,43.54149279999999,4.1387512000000015
2ZluXrc2cMwoyS2Yqs0IcS,30 knots Board Sports,30knots,-3.736049,-38.4550891
2IT8V1tyJqoeKYYWEa8AeY,GoKite Melbourne,gokite-melbourne,-37.8571176,144.968476
6AOcHaue1lBVBdJXgY06ju,Pôle Kitesurf Normandie,pole-kitesurf-normandie,49.09784759999999,-1.6083155000000033
5c4r4Iin9iA9thbm50iN1v,The Kite Zone Bucerias,thekitezone-bucerias,20.7522544,-105.33412909999998
1x8nwhgq4AAII6kOkEIOEK,Ventana Bay Resort,ventanabay,24.0995708,-109.9946173
3dZq12FeFGg8mguoYOAqcc,Prokitebrasil,prokitebrasil,-4.2186753,-38.0463258
4Ee9716qrSm0kmgWemkeAK,Kite Salento,kitesalento,40.2754693,18.4278657
1w8vYRl3YEaAemIaOEaIuA,Blu Kitesurfing Jericoacoara,blukitesurfing,-2.8640978,-40.49236079999999
4HGJPdUR1Y06QqW0eAAgyI,Progress Kitesurf,progress-kitesurf,19.7509228,-70.4144209
2acbsZSaI0yUik4Gu4MGw2,Marseille Kite Club,marseillekiteclub,43.24300510000001,5.367321599999999
4xPUNjV0A88a6AmayMAOWg,Kiteboarding Croatia,kiteboarding-croatia,44.2455114,15.1897645
2FvENeVLokEOqoCS8qQaOY,Xtremewinds,xtremewinds,12.5827901,-70.04083440000001
4kY3SlAL0sgGg0k2g8YGce,Costa Kite,costakite,11.0298054,-85.7178196
6PEVF61fVeEgqeqAAwWAeE,Kite Club Lounge,kiteclub-lounge,-3.6266648,-38.7286525
6ze0KknORamEMysyamMAO2,Kite Mallorca,kite-mallorca,39.85717100000001,3.1034782
1TeEfMBaDO4QAiYgaysysk,30 Nudos,30nudos,28.0433528,-16.5402828
5ZuO6sD5dKqasa80Qgwqs0,Kite Zone School,kitezone-school,45.1647568,-1.0726344
20vGvLEVK0ICYuQkAcWUAa,Kiteskolen lars47,lars47,55.64652969999999,12.1784888
61v3y7k8hyyWIEoWYIE4G4,Kiteschool Portugal,kiteschoolportugal,37.076707,-8.770729
5EyxYscCxqsy6cIAGOEscy,LiliKitesurf,lilikitesurf,43.4130236,4.7375802
30rDNPGRniS2Aa4KKm4aGQ,Mistral Kite Passion,mistralkitepassion,43.3780505,4.834452
6sC70T4xJCaOoa2OcwyQoE,ExotiKite Kiteboarding,exotikite,23.6805313,-109.6979657
1KXez14q7eOM4IW0iIieKM,Elevation Kiteboarding School,elevationkiteboarding,24.1305326,-110.3041833
4N8GIsiZzyWaK4kA2GaI2U,Sun Kite School Nicaragua,kiteboardingnicaragua,11.4884437,-85.54214709999997
34Fxc8RK5iMgQgYOGMUyGy,Kite y Windsurf Laura,kiteywindsurflaura,-34.8240417,-54.62531260000001
5tBYWMsKGckQM2sAAIycsa,Rayong Kiteboarding School,rayong-kiteboardingschool,12.6783299,101.5589105
2dVGMkm2jqkyQIgS8UUSik,Unikite,unikite,42.8792352,3.0434107000000004
5zYxv6rkl2kseG0c4Oi4ks,Kite & Surf,kiteesurf,-28.1565313,-48.6569995
22W57sVXHKQi84mqogc2E,Global Kite,global-kite,41.2630542,1.9331573
6tV2JBuw5mGQsW73JbAjOy,Hawa Safaga Kite & Surf,hawa-safaga-kite-and-surf,26.788434167190136,33.93585566403203
3GssnUXTmwrsGVLp7dR2tA,Machete Kitesurf School,machete-kitesurf,8.643374699999999,-79.70773429999997
4HBPCSH4dqISOOgAcIugGg,Prowind Pelotas,prowind-pelotas,-31.772396,-52.226171
7eXhPLsUPmW8SMQICCOSao,Jaxsun Kitesurf,jaxsunsports,51.7368932,3.8183841999999686
1zm8Oe4YzugsMKaOSGcI06,Upwind,upwind,-22.9247377,-42.3005152
2wlMMLlFdCOGACgaaCq8Yu,Araruama Kite School,araruamakitesurf,-22.8868331,-42.31798320000001
2A33lrXT33ji8Ms2JGgElJ,Blue Pearl Experience,blue-pearl-experience,25.3686619,51.547406300000034
4dFh31urygO8yMaG4kCmWC,Playkite Watersports,playkite-watersports,27.461492100000005,33.5914029
c2lDe9OXRuQWi8goekaMw,Flow Kite School Sicily,kiteschoolsicily,37.8891215,12.4731654
2hOjSy3oaM8gkAQKAOCGw4,Kitesurf Mazara,kitesurfmazara,37.6550933,12.5899615
1psV7xkBt6uO0UWcSQYCu4,Kite Tour Stagnone,kitetourstagnone,37.8460927,12.4651821
6iMIhoOPZQtqSbT4R6Hy9B,M-air,m-air,24.7476458,125.26808549999998
4U2FUkN8PYCkkwiWwgecIS,Srilankakite,srilankakite,8.236158699999999,79.7586572
5VU7ivW7Sge6cSksaiyYuM,2XS,2xs,50.7751974,-0.9076809
1mfpORLrfxeCAwvpw0anMa,La Tour d Eole - Ocean Academy,la-tour-d-eole-ocean-academy,23.736690802040936,-15.784808941162055
2kGm8xSox64Y2Msyc204ac,Laurel Eastman Kiteboarding,laurel-eastman,19.752028,-70.41436999999998
66nrKG3hi8GKYEmmemEQ4S,Kiteguarapiranga,kiteguarapiranga,-23.7039904,-46.7147167
74PtUesTG8Imq6wYoYu8sA,KiteGeneration,kitegeneration,39.2214055,9.119254
2VeoUMSZhY64U82C68qISg,Surf Connect,surfconnect,-27.313949600000004,153.06896369999995
3fIc5pwt9YoaOaMUS6McC4,Australian Kitesurfing Academy KITEOZ,australian-kitesurfing-academy-kiteoz,-20.0190712,148.2455608
7AFcBXB3oW48qGScIOewIC,Club30kite,club30kite,43.505686,4.139378
6zM7zSExNKwkEos6GGssSU,Happy Winds Kiteboarding,happywindskiteboarding,36.91366,-76.06847090000002
77E0jPPtfi6kyIIU4OgYAI,BigStyle,bigstyle,53.34185600000001,-6.238672999999999
3jQdsJ505qGoeEm4m2qqQe,Kite Breizh Skol,kitebreizhskol,47.863769,-4.229125499999999
1stWNLvrdOUWe2qQygKmAM,GKBS Guayama KiteBoarding School,guayamakiteboardingschool,17.9345025,-66.1985292
6ud1ImcOuxl2NJAbogsBQE,ION Club Golf de Roses,ion-club-golf-de-roses,42.1493956,3.11437449999994
7Krky4wOsZt86dUIV1haDS,BN1 Kitesurfing,bn1-kitesurfing,50.8191241,-0.3294581999999764
2SdQcxVNyMSIq0yey8yaw,LAB Magic Kitesurf,labmagickite,43.4013255,3.656962
5ILNsrF6A8SACA6uccyOAS,Gulfport BoardSports,gulfportboardsports,30.3922533,-88.98982690000003
K538oKjS8KCw8qia6mIc2,Sporting Club Sardinia,portopollo,41.1850638,9.3250014
TomG6H0SC4SKg2Q8w48au,Cultura Extrema,culturaextrema,-35.5675929,-58.01614590000001
2OSVwZ5zlY866MgYywqo2A,WestGliss,westgliss,48.1901662,-4.299629299999999
6zezey7wjKiqmseAeSoOy4,Elite Watersports,elitewatersports,27.730454,-82.678851
2qKKcShxPuAKGwakIsSIeY,Drop Vertical,dropvertical,-23.0129424,-43.3190629
4x7i38OTMAy6EQCCYWom6e,Houston Kiteboarding,houstonkiteboarding,29.3936529,-94.902361
1RAx4IZRu0yiWAUsky4eEE,Surfing Sports Pescara,surfingsports-pescara,42.4899557,14.1897729
63kLhQ1VIsSc4cYE6EmICu,Kite Surf Chiclana,kitesurfchiclana,36.369267,-6.18087
6URLqehTNLTo3cfO7XyVYD,The KITE SURF & SUP Co. School,the-kite-surf-and-sup-co-school,50.8160102,-0.3397952999999916
3Bi6aEGrSUiAM0UiE8WyeG,Pro surfing Company,prsurfing,27.76564,-15.571049
1O4h06aXNuOAgIOC4YaEOi,Mangaviento,mangaviento,-29.8539012,-50.3274518
6An9XwnirmEkK2KWOwka2u,Kitepower,kitepower,-33.989396500000005,151.14639580000005
5SU7zkjHLUwYmOIoEgKMaM,Dakhla Spirit,dakhla-spirit,23.90381502054194,-15.785092594641128
2d8F26I4KIYacw6gE0MymI,Kitesurfing Lanka,kitesurfinglanka,8.2165366,79.715661
6z1y9U8GdOMGaq0I4YEeOA,Kitty Hawk Beaufort,kittyhawk-beaufort,34.716967700000005,-76.66523000000002
3IP940gyScmO40im4c2qC8,BEKS Kitesurfing,bekskitesurfing,50.83706890000001,-0.13786800000000002
56xUG1Wbpecsqm6CiY88AI,Kiteboarding Sarasota,sarasotakiteboardinglessons,27.172963,-82.48544960000002
3B22pFAzNuQs6Q0Ke64Oi8,Kitesurf Crotone,crotonekitesurf,39.08170459999999,17.136525
5AwIt1tkk0Gw0cUQsi6SMm,Ocean Players,oceanplayers,46.4905006,-1.7724086000000625
1ImuA6E0s8uYOYUYsKmaEQ,Hooked Kitesurfing,hookedkitesurfing,52.2206815,-6.9219133
3RE3p3SnRmm2sCOm4ggwY2,2capskite,2capskite,50.9426776,1.7490988
7tiq4EIYz6EyguIIGkaS2O,Boavista Kite,boavistakite,16.115090300000002,-22.9092627
2fIKtcsvs8okUmge2OWSam,Kite Sjælland,kitesjaelland,55.582713700000006,12.656904
3WHxamLmlqu4MqgEyK0mKa,Naxos Kitesurf Club,naxoskitesurf,36.9912921,25.3920486
DZ0KKzymJwggwQqGKoOoe,Pro Kite Surf,prokitesurf-kiteboarding,27.797659000000003,-97.3939946
3DfBCWl9OoAKwemG0oYOA6,Olli Kite Mallorca,ollikitemallorca,39.85753709999999,3.1002278
rFlK1GTmWkyyy6a4YiY2M,Freestyle Academy Kitesurfing,freestyle-boracay,11.9692679,121.9273114
5uikRUQJAkW0Uy60AUCQeM,Kitty Hawk Kites Nags Head Carolista,kittyhawk-nags-head-carolista,35.963882,-75.63177100000001
2fb2E4rWigWqAUiGum0I8e,KITE45°,kite45,38.7885752,0.0125389
CQxGUYZQKOYwoOOQKUaew,Bull Tarifa Kiteschool,bull-tarifa,36.01640850000001,-5.6055554
3pSbwjvzq0sUccSse4uUEC,Kitesurf School Roma,kitesurfschoolroma,41.8754775,12.1772094
FqGaH18VwIYYEaYs4k4qg,Océan Vagabond Dakhla,ocean-vagabond,23.9147882,-15.763359199999968
1PAqS9UkdSWiyUs2CC0Ici,Kite Zone Władysławowo,kitesurf-władysławowo,54.77324100000001,18.465548100000003
1RECJiT2Y3QQhPq56nY32A,Surf and Fly,surf-and-fly,51.34613659999999,3.2638984000000164
2dShuazqgoeO0IcyAwQEsG,KiteFeel,kitefeel,52.63171429999999,5.124303599999998
2q9jqTaXFKiw4qGekaO0km,Kitemex,kitemex,20.6632436,-87.03382140000002
7Cq0t2JDlCuIK4y4WA4cqk,Natural High,natural-high,51.7606245,3.8466597
6R4BX0MxxKg6waqGAAKQaw,Freekite School,freekiteschool,44.9102874,5.668789299999999
7nc6Rv3DbzJEJKLra9xxMw,Kite Club Hatteras,kite-club-hatteras,35.3607796,-75.50496759999999
63jcpIVp6M6Qc60qogAW2g,Hamata Kite Village,kite-village-hamata,24.619405800000006,35.1075552
2ICF3gCbMdhuBq5BHKLhBM,Brighton Kitesurf & SUP Academy,brighton-kitesurf-and-sup-academy,50.8214672162082,-0.3214075216735637
2FzapKWragIsusAc4CsOEQ,7 Beaufort Kitehouse,kitehouse-somabay,26.7608965,33.5280072
6nBxXifJaoOIiM8QwuAEUo,Freedom Kite School,kitesurfestepona,36.4256345,-5.1510261
73MZYpPW6Ww42kqyE0YO24,Water Sports Mallorca,watersportsmallorca,39.8009954,3.1213203
2TiDIeJyDmccegSqSyYyMk,Surf In Crete,surfincrete,35.3306826,25.2563374
6xGfMutZvOQUK0Aqi6msuw,Cape Drepano kiteboardingschool,cape-drepano-kiteboardingschool,38.324767,21.853798
2Ydgy9SdOMU2C08S6K4K4U,Toronto Kite Club,torontokiteclub,43.65684419999999,-79.46541719999998
5ktcnxsKKkcQummCcYyeOq,Kitezone Touquet,kitezone-touquet,50.5168295,1.5787889
5wmpQxVcBiOWuS0AY8y0cY,Kites Angels Beach,kitesangelsbeach,42.739276,10.958113
RpHaijWPAqmsoCKAgAOGK,Riactiva,riactiva,40.606874,-8.74845300000004
5luFmCpJ4WWGU4uOcekQsi,Stagnone Kitesurf,stagnonekitesurf,37.8963521,12.4675426
5f4FLOSMn6iS08S2iY4MuG,Isla Kitesurfing,islakitesurfing,11.9639911,121.9297973
2Kyy2ld848kC8MgM0oWm2k,KiteZone Sardegna,kitezone-sardegna,39.14688599999999,9.0175
1xnkmhgROoIcmSUAYcqqAA,Kitesurfing Kos,kitesurfingkos,36.8495611,27.0756565
57Ds9i85mgGakKuE6CqU6w,Anguilla Watersports,anguillawatersports,18.173614800000006,-63.12844490000001
2bdy2AM7dKu0MygS8uMcm4,Kiteriders Montenegro,kitesurfing-montenegro,41.88579319999999,19.3107462
Tj7B1xvV6KukicMmQgyw2,Azur Kite,azurkite,14.621508,-60.889543
1uBirUJS9Ge0qOiOsOE6II,ABCSurf,abcsurf,54.734348,18.581086
3sLVfkGWhaYWeKMOQyiKIA,Eolis Kitesurf,kitesurfeolis,37.1353865,-7.6007871
nvLmSxyySqYJ96PYcTLcZ,Lift kiteboarding Lancing,lift-kiteboarding-lancing,50.8191241,-0.3294581999999764
6l9UuI0V7aMg0CQwM0AkC8,KiteGreece,kitegreece,38.399358,23.658928
7DK1dRX1aEGAIcK8Eq8uoI,Rêve O Kite,reveokite,48.5661532,-4.660451
4cwow7QIlia2eioEsC0u2G,Wet Dreams,wetdreams,40.7727168,9.6656795
1pPAOWziKEQY64cOs0cU0q,Hampshire Kitesurfing,hampshirekitesurfing,50.817391,-1.232366
3X0yYuHUEwOsAcC2amuKyq,Kiteschool Morne Village,kiteschoolmornevillage,-20.465796,57.341851
5Mb5NZpGZUg6S6K0iEcqE4,Aquaholics Zanzibar,aquaholics-zanzibar,-6.265861900000001,39.5342904
5Wl9rJLdTOmmGkeKEAKQUS,Aloha Rewa,aloha-rewa,54.63262389999999,18.512361
5FCYQiSlLaGqUmKQu0Mew6,H2o Extreme Watersports,h2o-extreme,-4.3543237,39.55992360000001
2ylAZLXii9KmD3WddpoLw0,Nice Kite,nice-kite,31.5339922,130.5128135
6tJV1DIeZyIg6sKkgS2oww,Gwada Kite School,gwada-kiteschool,16.3309006,-61.69764209999999
4PqTdCftUsiCoAQkaec8sm,KSS Kitesurfschool,kss-kitesurfschool,51.14168009999999,2.6976882
2Qk5VMgayIygqaCAGyCEio,ElementFish,elementfish,41.5244352,-8.788182699999998
pcuwn9lYPI2yIkmY8Ms8m,Kitekahunas,kitekahunas,-33.8137606,18.4716178
F2CDbD34SyqEoi0EEqeSI,SoCal Kitesurfing,socalkitesurfing,33.7528758,-118.1345408
zn0ZJN0p4OwwIUSMCiCc4,Kite Station,kitestation,37.79804499999999,12.4370156
ilcwwNWQLKEAs0eqAOCKe,Board and Kite Africa,boardandkiteafrica,-33.822859,18.477523
7GODPNQqsggGYc0MCoQyCU,Kiteboarding club Komin,kiteboarding-komin-neretva,43.0575391,17.430128600000003
6mfRyG0Hteeag4mwC6gkkg,Aloha Kitesurf,centeraloha,37.7567789,-0.8269200000000001
53vRdCBlkQGseOUaGIcaoG,CoolHot,coolhot,36.74455089999999,-4.4213053
4gCk6drpnGQOEaa46GG4S8,Kite Coaching,kitesurf-coaching,48.39816769999999,-4.3579281
1uc6MC4eWEqQ2UkuAwgsAa,Mändjala Surfclub,mandjalasurfclub,58.21159649999999,22.3228901
6qpsAFfY880IY2gimk8OCQ,Aceh kitecamp,aceh-kitecamp,5.468748000000001,95.24472700000001
6m7h4CccvK2oCmasAy04wS,Kite Rite,kiterite,-16.875656600000006,145.7422328
3JFAXzUZJKEyso2YOSyCC2,Kite Boarding Asia Samui,kiteboardingasia-samui,9.432799,100.012916
1a3xfQJGrIIWGkoqCkUkKS,Royal Kitesurf School,royalkitesurfschool,51.3594349,3.324349
wfHcPXBrbgFuUn2sp6a53,ION Club Safaga,ion-club-safaga,26.80331191563406,33.94708279989163
7JayAM2AuWcYugGmyGo8w4,Puro Kitesurf Mexico,purokitesurfmexico,20.700727,-87.011955
6PMjMsCcaAgqQ0gouuMUwi,Cascade Kiteboarding Academy,cascadekiteboarding,45.6913476,-121.8836636
t7DOza4cNiAusC2kMuKgu,KA Kitesurfing,kitesurfinglessons,55.55715110000001,-1.6346003
5S4tKfbfNK624oGUyuUw0Y,L effet Kiteschool,l-effet-kiteschool,43.5288417,3.9255891
3AbIN6peXuEQ0IiWmIggYa,Los Loros Water Sports,losloroswatersports,41.064281,1.07773
5igmWvrCBUYSi4eqKyEaco,Second Wind,secondwind,-34.6036844,-58.3815591
7c0KTu0e6Q6SWICwcoI0Ae,Breeze Kiteboarding,breezekiteboarding,9.7026015,100.0115161
4X4ci3rxMkAsUgykyo6we2,Rêve de Glisse,revedeglisse,47.5982533,-3.1155974
JOMTVVH4gUy2yIMmiyyoG,Heliophora,heliophora,23.637049898222955,-15.850792465576205
3hRDjCDqzm0m0SgYmeQ0wc,Waterproof Kite School,waterproofkiteschool,37.20108,-7.28808
HQreBfdoUEgQUGu0W0uMS,Leading Edge Kite School,leadingedgekiteschool,39.2545179,-74.6071252
6kb657ESt2C6OoaKoMCKCM,Sicily Kite Academy,sicilykiteacademy,37.79804499999999,12.4370156
6MWqII3BLiGsmCkSgYEQQa,Push Kiting,pushkiting,51.77961819999999,1.1380848
2q1OvedoiUoyKE2owmK4mq,Santorini Kite,santorinikite,36.4123111,25.4807499
4XsfZyM1FKYIckO6USSGw6,Vendee Sports Ocean,vendeesportsocean,46.613277,-1.860423
4IJs1djKliSeiWC0K8yAmA,Kitesurfing St Lucia,kitesurfingstlucia,14.0894477,-60.928007
5HOZT1z5CMIUQ2O2aGigWq,Kitesurf San Andrés,kitesurfsanandres,12.5831483,-81.69070119999998
4z8NxQZKXKaSme2k6ayqgU,Leading Edge Kite School Virgin Islands,leadingedgekiteschool-virginislands,17.7473891,-64.7841011
5UjH9mEeriyYqbb22JECTO,Planet Allsports - Garda Lake,planet-allsports-garda-lake,45.8188662,10.796324300000038
sIsejaSBO0YMQkyG6UOwa,Masters Surf School,masters-surfschool,27.309791600000004,33.7174161
2YG8jmhSmQI80UiKiSqSwg,SA Kitesurf Adventures - Oregon,sakitesurfadventures-oregon,45.696202,-121.290887
2UupAUiw4o4Ck0sKyo2SMS,Naturokite,naturokite,46.0017646,-1.3242199
3xAoew2UWIkAuCsI0g0UE4,Kitesurf Greece,kitesurfgreece,38.324767,21.853798
diG0SoHrziQSoMyYUCGCo,Kiten Lernen,kiten-lernen,54.3838209,12.5044923
7ej6lQGdvaweG0smaYuIWw,Funglisse,funglisse,47.1586206,-2.1743864
2FQ7JmjjXy2Om4GsYUmeuo,KiteClub Athens,kiteclub-athens,37.9667214,23.72718329999998
23eYwVNakq308kIuiwEYcv,Magic Bruce,magic-bruce,43.4015144,3.657226400000013
2apou7VrSuUnFLHFTh71fC,Airswitch Kitesurfing,airswitch-kitesurfing,-20.465207580527455,57.31772328197019
2EnIiS9ag46qqcesCuGgis,Kitesurf Sicily,kitesurfsicily,37.1381035,14.113373800000002
3NW4SURiaIKI2CeymiSoGA,Kitesurf Dubai,kitesurfdubai,25.1833289,55.2231682
3oFBlFm4YtGGxQETH7PbaO,Kitesurfer Academy,kitesurfer-academy,37.8562198,12.477599499999997
2sopmuvuecsewoqkSu4QMS,Costa Blanca Kiteschool,costablancakiteschool,38.8471684,0.1114864
5icOMDTt16uOMiI4KegmIg,Vela Aruba Kitesurf,velaaruba,12.5765648,-70.03245
DdpTAJ0Nb2gUWmgccsswu,ActionSportsWA,actionsportswa,-31.866505,115.804221
559rYwNqIo62Cqq0kQAccc,Kenyaways Kite Village,thekenyaway,-4.2840785000000015,39.5914203
6fcbKUPXxeew4g6WSwK4gm,17 knots Kitesurf Center,17knotskitesurfcenter,12.7843571,99.9798339
3QzHPlzTPyCa4MwWMOaucA,Kite Progress Tarifa,kiteprogress-tarifa,36.0349453,-5.6166619
40lpP4WmLKGGoi6YA0US0W,Kitexcite,kitexcite,19.7509228,-70.4144209
5qzC3GacvkYfLq1eZG0Sbl,Aquilo Kiteboarding,aquilo-kiteboarding,51.3647067,1.061009199999944
7xLOMq5zTaQYAcQKOKmE6A,Nomadic Kitesurf,nomadickitesurf,50.815008,-1.308799
3ij8uv9CRWwIo6AamYmuIS,Kite Zone Ceara,kitezoneceara,-3.8136252,-38.4092606
abvdseS7jq4MCoo0OyyIK,Adrenaline KiteSchool,adrenaline-kiteschool,-34.8894089,-58.00376019999999
1Pg5soyjQ4MWkOq8KQKyuq,Kitesurfing Village,kitesurfingvillage,29.58993,32.706219
5zZodf86Zi8kKygeu8C0cc,Tropical Surf House,tropicalsurfhouse,26.5221567,127.9255612
vv7MkLCnPa8E8C446ug8w,Kite Mykonos,kitemykonos,37.4265215,25.3223726
4CCndbnsfKQiiECMcWEAy4,The Kitesurf Centre,thekitesurfcentre,50.93186619999999,0.8142761
26uLlfZTVWoG4eMO4GMoac,La Central del Kite,lacentraldelkite,40.6127778,0.7288889000000001
3UUHwcqTWwGO6CwqwE0CAW,SBKiteboarding,sbkiteboarding,38.73247070000001,-9.4724771
S8gyoys7WoySGGs8uEeYu,Kite Hunters Roma,kitehunters,41.84901470000001,12.4874706
3knU6FbiZawM6qcwiyy4I8,Escuela De Surf Conil,escueladesurfconil,36.2742347,-6.0833087
26sYAiTCeoSeGkQ46qowAC,AlizeFunKite Martinique,alizefunkitemartinique,14.435787,-60.828031
6KgqWzLBvyyWguASiMkuc4,North Kiteboarding Club Thailand,northkiteboardingclubthailand,12.5720665,99.9577444
68z7yNKtG0OmcM4EwWq6sm,Le Spot Kitecenter,kitesurf-var,43.0478779,6.147610500000001
4imKlMoJLa4yI6G08sycUS,kiteiscool Jericoacoara,kiteiscool,-2.7956374,-40.5140808
3waxUbC3cIYcCieUYIkKuu,Awa Watersports Playa Granada,awa-watersports-playa-granada,36.7249097,-3.5242127999999995
5TWorxTnh9MJ6dq4SV1Aku,The Zu Boardsports,the-zu-boardsports,-37.8582957,144.9684545
6dPKcu6qL8Fig6PzbC6QJD,Kitesurfschool - Challenge,kitesurfschool-challenge,51.91587029999999,4.060424600000033
4QwgcBQbXkuqMbkO02H4F8,Pura Vida Club Brasil,pura-vida-club-brasil,-2.881009104046624,-39.908718203160106
Lij0EkLhsI4CKu6KyGMiu,Kitesurf La Caletta,kitesurflacaletta,40.57438430000001,9.6920839
6HqP26OXKgCi8AS68CcQ4q,East of Maui Lewes,eastofmaui-lewes,38.7800258,-75.1274245
2uiQHLL4CkuIKSm8em2E2e,East of Maui Dewey Beach,eastofmaui-dewey-beach,38.6983574,-75.076286
1ywCLnn8w4WamWQIEYAqeO,Cabana do Kite,kiteclubicaraizinho,-3.0237249,-39.65771289999999
2U7Rmg1vnOOoesM2kwEkAG,Tico Wind,ticowind,10.6267399,-85.44367059999998
4NCk4NqaUUquoYeamkwigw,KiteCenter 22,kitecenter22,48.636021,-2.473447
4ypGueLrVCgAcWI0guMumM,Be Kite Lacanau,bekitelacanau,44.9762701,-1.0907427
5qvECrw3HaKgIa4qcqMKcO,ProKite Alby Rondina,prokitealbyrondina,37.8908327,12.471616699999998
13GJ6oDOkOQWyyOMcskcI2,Pure Kitesurf,purekitesurf,10.3910485,-75.4794257
3fz5KMwv6M24uSCoCaqqYq,Brazil Surfing Adventure,brazilsurfingadventure,-27.651067,-48.474581
d6zGHV8pPiGkSYmsssueY,Go Wind,go-wind,27.3055589,33.7233657
5yaNcmjXCEIOKe6ewKkSE,Kite Mexiko,kitemexiko,20.7492616,-105.3286375
5xu3VbBmWka0ciKIESU8GA,Eden Kite,edenkite,48.904146,-1.568406
1Qil8W5R0oao2Se48cQG4o,Nomad kite events,nomad-kite-events,27.402484,33.6511438
4PH8XOB20gyGieqYK6eq2a,D.K.S Kite Windsurf,dks-kitewindsurf,-34.498652196809005,-58.4886360168457
QNAksoliKYwsAWscEymEa,Airlift Kiteboarding Cancun,airliftkiteboarding-cancun,21.078702300000003,-86.7765527
6czw2oY00w0u0OyM2OM4Qq,Narbonne Kite Passion,narbonnekitepassion,43.14292329999999,3.0065675
7HiFng4TsWeSEGUWi46iMq,Benicia Kite and Paddle,benicia-kite,38.0628131,-122.1790502
1HpTZ9ugmkeuysAocQ0604,Denisurf,denisurf,38.883632,-0.036259
2kPGppY9tyQKs6IGy848A,Blue Surf Center,bluesurfcenter,36.7216722,-2.629745
5myHJjRlMAWQ0ISyQwoaiu,Centro Nautico Zoak,centronauticozoak,38.0834031,-0.6543119000000001
12pwKy2iR2usoKO8IWwqww,North Sea Kitesurf School,northseakitesurfschool,52.3758837,4.52891
1h3uDuXSdMIK6KU8SswkkQ,Kiteboardschool,kiteboardschool,52.0973439,4.2662301
1lgmVojafuuk0AC2eiqQ8i,North Kiteboarding Club Croatia,northkiteboardingclub-croatia,42.9798175,17.1226725
6PPhKtlNQsaGCwKIACQq0I,Kitesurfschool Harry Vogelezang,kitesurfschool-harry-vogelezang,52.0555143,4.212528599999999
4xSnwOmkzmwES24OA2AmY6,JT PRO Center,kitesurfgrenadines,12.598785,-61.412133
3okivLXFmgWWUceaAGI0YC,Dolcinium Kite Surf Club,dolcinium-kitesurfclub,41.8850664,19.3138146
1MJ46jEvc8UK6CkKWYqWCC,Kabanya kitesurf beach,kabanyakiteschool,41.913568100000006,19.2198738
73ZIQj4rMAOQqgko04SUmw,Kiteloop Montenegro,kiteloop-montenegro,41.894364,19.290215600000003
2pqKMMkTMA0eyM6OGCuAsI,Otherside Boardsports,othersideboardsports,24.9276558,-80.62466979999998
6beIlmDVXGYGusOcMycuKO,The Kite House,thekitehouse,24.5607553,-81.7893687
10tAPqpgvAY2OyCCaQcOOm,KiteBoston,kiteboston,42.43662990000001,-70.9347191
1uKKatkhKc6QIyqQ60Yio6,South Florida Kiteboarding,southfloridakiteboarding,25.7319668,-80.2327998
3H2NwjqkekmGuoS6eUqS6Y,Miami Kiteboarding,miamikiteboarding,25.7154694,-80.1513835
2sy96kusJKA0woMoE2a06U,WindSwell,windswell,-16.520360099999998,145.4694871
3Y73rmJxFumg0o8a88aAy2,250k Kiteboarding,kiteboarding-philippines,11.995575,120.2079953
1OdkaCHt3qwmCwumG6C6Y4,Airstylers Kite School,airstylerskiteschool,12.3576046,99.9978497
47HRXWAcjucQaqqeCQAMUc,Sankara Kitesurfing Academy,sankara-kitesurfing,10.9383444,108.1889354
6f9WuCZlOo4CWUkaAiSYau,Nissakia,nissakia,37.991337,24.030393
2uy00ffcqUqcMYCU4iMQQ4,Elafonisi kite,elafonisi-kite,35.2695139,23.5304403
7MNmLejvJCKkCe8oQqo8yI,Neretva Kiteboarding,neretva-kiteboarding,43.0163263,17.520930399999994
6J4DN272VimQOOawOkQku4,Parres WaterSports,parreswatersports,38.240527,-0.516926
1GkFZzJSQE04SSUI0U8aUs,LAB Kite,labkite,43.5189325,3.9082021
1cUm96NohK6Kg6WMOOEKo6,Corsica Kiteboarding,corsica-kiteboarding,41.44215699999999,9.12247
6n1spC1CdUm8I2gcy8EO2s,KS Kite,ks-ecoledekitesurf,46.8882686,-2.1403476
4vy7JV2FluSGmuaGWgiuGk,Fun Kite Academy,fun-kite-academy,16.218507000000002,-61.396065
3ZbqAHwLbGWQoQS6CmS2ei,Pro Kite School Aruba,prokiteschoolaruba,12.52111,-69.968338
1tp85aBdOkW6cygUqksci4,Trust Escola de Kitesurf,kitenatal,-5.9700202,-35.127709
5yiya3RCDuumekec8w6gM6,ShokoGi,shokogi,7.5593626999999985,-80.01960679999998
3POoN83T5YQu40AAGs46Sk,PeruKite,perukite,-13.8452893,-76.25119889999998
4wnilFaOMU4iUE8AMQ0cSY,Blue Mountain Kiteboarding,bluemountainkiteboarding,44.5234471,-80.30684629999998
2H3G4A8GQwDTgESzjUtRa6,PKS Professional Kite School,pks-professional-kite-school,42.7596059,10.896662399999968
5q47gwXJBYoQSyCc80KWq6,Kite-R Évolution,kite-r,49.28500510000001,-0.2102575
fd12j4C2l3dENbCosY2LX,Action Sports Maui Kiteboard and Windsurf School,action-sports-maui-kiteboard-and-windsurf-school,20.896499,-156.447994
27MEEnjArnJC8fHJXZoLWI,Windward Watersports,windward-watersports,21.3947039,-157.7452144
129QvlI1hPws1BZgKCCWm6,Bigdayz Kitting - Greece,bigdayz-kitting-greece,35.4299735,27.110567400000036
4kAIJcK0IEI1yiMtqbOc3J,Progression Kite,progression-kite,48.4602607,-71.80666710000003
UydgVpDRksAeUoOiIGqe,Radikal Kiteboarding,radikalkiteboarding,35.587725,-75.468587
34lExERmacgmAeWaQ8EmCQ,Fox Watersports,foxwatersports,35.2652926,-75.52142719999998
2VreIB9tbaqAUGwmeC0m2q,Hatteras Island Surf Shop,hatterasislandsurfshop,35.5704538,-75.4680235
5KljixxlgQmeeE2wKyWIme,A-kite,a-kite,43.5625627,7.1170101
1ECiDmuYekKIwmg6YSQ4O4,Waves Village Watersports Resort,wavesvillage,35.58334,-75.468053
2zk7g53nkYe8QkkqAA8osQ,Blown Kiteboarding,blownkiteboarding,34.7227284,-76.946597
1ELGZQeKI8MOkwoMQiQuYM,Cape Hatteras Kiteboarding,capehatteraskiteboarding,35.243235,-75.61922299999998
7q2pdwU4E0U2w8Wgqg28mw,Seabreeze kite club Siargao,seabreezekiteclub,9.789311999999999,126.163472
5Q7i6rUM48uaEosgAWGawE,Kite Particulier,kite-particulier,44.8531166,-1.1099622
5AVnFLrzVeaGGicYsCEioQ,Kite Paradise,kiteparadise,49.3025494,-0.08052480000000001
3AhSTIikdiIq20ui0aQgys,Ecole Kitesurf Wissant,ecolekitesurfwissant,50.8117066,1.7095121
7hngPVuvhCS4ESkWGUqiik,Riki s Tribu,rikistribu,44.0595512,12.5907589
412Wi1QTKMYSWM2AoIE2u0,Pure Magic,puremagic,53.3630888,-6.178378500000008
7NLFyVb2SsKue8SaqiIwy,Kitesurf Napoli,kitesurfnapoli,40.9537472,14.0068251
9hr7RSznnUIg6gGiIyo68,Massilia Kite School,massiliakiteschool,43.2670573,5.372167999999999
4muGIZkQtawyUKKYEUuu62,Wild Kite Peru,wild-kite-peru,-4.107183,-81.057172
2E5nCKnVgsgOs60gW0WCyg,Jupiter Kiteboarding,jupiterkiteboarding,26.92941642621635,-80.08621215820312
6QKSvBA9IQssIQAmOkCM0q,Rota de Voo,rotadevoo,-22.795635,-41.9329899
4IjMWvBELKOOSSQ0c4M2ca,Kite Addiction,kite-addiction,37.1723817,-7.3777579000000015
1MVYZxjZu0wSaMKC4CEGM,New England Kite School,nekiteschool,42.4286211,-70.9798957
2gTP4jjiwoKaM2UsCKeaCs,Total Kitesurf,totalkitesurf,36.27310720000001,-6.0899367
2IdpvFCxaocGyeqee2sEqg,Action Kite Caraibes,action-kite-caraibes,16.250285,-61.267994
13lG5CGh9gyEw20YsaeCI0,Yourtimealmeria Kitesurf,yourtimealmeria,36.7381783,-2.807864
4kcjjswTIQIwYicSsK46UU,Boukan Guinguette,boukanguinguette,19.799084,-73.38494200000002
o7J0QeNOeWCs4IqwosEYu,Pescao kitesurf School,pescaokitesurf,3.894569,-76.494883
2zHYhq8F2A8k4wIUcQksSA,Calipau Sahara,calipau-sahara,23.749060784006243,-15.90838837863771
rVoQIssTHqWeKyKwsAAwM,Kitenam | Vietnam Kite,vietnam-kite,10.9332105,108.2871837
m1FqFVzDpYg6EwywScMSs,Kiteguru Kite Surf School,kiteguru,15.663425,73.71289200000002
2tAFUkifGUwQYeUYekSGwE,KiteSports,kitesports,-43.5297815,172.73858140000004
3R6E09PH2Eks6a0oOSEoic,Yas Kite Beach School,yaskitesurf,24.4958385,54.60401210000001
22N6n1csQQokO2oWKqkCIG,SurfTown,surftown,59.42963819999999,24.684187
5c3vbJgJ4IgKyGeUUAMUw8,KiteJunkies,kitejunkies,53.91798960000001,14.2324399
p7aN1YP9zqMmCUE8yG8wk,Kiteboarding Cyprus,kiteboardingcyprus,34.67340799999999,33.042188
2cvMnhe0mwGwiI8uOg0Oge,Kitesurf Djerba,kitesurfdjerba,33.8617423,10.9185477
2ICu3oejlYoWK0OkaQQkCk,Kitty Hawk Kites Rodanthe,kittyhawk-rodanthe,35.58336920000001,-75.46829040000001
3tfXoWtfEcueqG2EkWWigU,Evolution 2 Lacanau,evolution2-lacanau,45.0023912,-1.1356714
4I2PS0oXde6qUWM8i4GY2g,Explora Watersports,explorawatersports,31.5135804,-9.768994500000002
jWmT3kYDf2KsUAm8yEecC,Kitexplorer,kitexplorer,17.73808,-88.02560499999998
58v1eYhMSQ4K42qy6wsQSQ,Swiss Kitesurf GmbH,swiss-kitesurf-gmbh,46.45662249999999,9.795247199999949
5zUyhw3tS0ISKG6u02SM8E,Tenerife Kitesurf,tenerifekitesurf,28.041379,-16.54281
6JARotVKes8IkEsseaGyoE,Surfers Island Fuerteventura,surfers-island-fuerteventura,28.055869,-14.31753
1z2SoG41b6GW8a2kGiyYoe,CBCM Fuerteventura,cbcm-fuerteventura,28.7309355,-13.9480922
6xaLbPeZJC2aE8s8a06Q08,Chatel Kite School,chatelkiteschool,46.12121399999999,-1.1239530000000286
2rgyFbEj8IKjWwcYuns4fp,Kitesurf Attitude,kitesurf-attitude-noumea,-22.292588,166.44840999999997
22PR6m6M0j6PL9MmbStmE4,Varkam Noumea,varkam-noumea,-22.290943,166.44538
5TgRtdczdYWCoE2UUCy40W,Mitu And Djo Kite Surf School Cabo Verde,mitudjokiteschoolcaboverde,16.6000812,-22.9103485
1xLDOZuew8YU0QI2wmYksU,Red Rock Surf Academy,redrocksurf,28.0427374,-16.541122
5gcFh9CbRuUce44MAOuq6W,Matas Bay,matasbay,28.1709393,-14.2058918
4Syq76tnXiss6eOOWI6YAm,B1 Kiteboarding,b1-kiteboarding,28.1618334,-14.230105800000002
2ZdFagMifugWSOwuiMU6ia,Surf Essaouira,surfessaouira,31.514458500000003,-9.7685439
XFw2H7uBwcKSumcy0i8Ey,Essaouira Kite Paradise,essaouira-kiteparadise,31.503539,-9.7621016
6HLJ3WDmMgsImI2YYosk24,Che Shale Kitesurf,cheshale,-3.212882,40.1183759
1mpcMsFbeMOeAcYgwgYKsg,Tribe Watersports,tribe-watersports,-3.3757253,39.9866349
5sHUda5yfuaQQY4KU0eKaK,Kite Centre Zanzibar,kitecentrezanzibar,-6.2694585,39.5363429
1NYqZjUcmESim8U2ogSMIk,Club Osmosis KiteSurf,osmosis-rodrigues,-19.7409955,63.4574465
3qx13eM3JKYAAum60o2ieI,Ocean2air Kitesurfing,ocean2air,-29.759631899999995,31.0655385
5nxnqscwSsw8uEuQQ4CQeE,Kite Fun Tarifa,kitefuntarifa,36.0761156,-5.689138199999999
1Bgug7fsUsEqKYY8QwIcGS,Zenith Dakhla,zenith-dakhla,23.912230517963614,-15.77905225993959
2d5BoIIfD6AIkuSSkEoaCk,Boardsports California,boardsportscalifornia,37.7936458,-122.4130812
4ddjnQqf8sMy2KwimIOiaY,René Egli Fuerteventura Kitesurfing,rene-egli,28.138425,-14.240931
2RdgWqBbvWU8Y0oyCaGC8Q,Point Break Fuerteventura,point-break-fuerteventura,28.73718,-13.868529999999964
6VgSUogi520kU4sQKAMm8W,Tarifa Max Kitesurfing School,tarifamax,36.0190158,-5.6087751
xKS41Vy3rawAKOAKaY66A,Addict Kite School,addictkite,36.013394,-5.607387
1dHXpSf7KmYiCWi2eogMkQ,Tantrum Kitesurf,tantrum,36.0141844,-5.6042596
50PkAQk4goaoS8KSo80E6I,Soulkite,soulkiteaustralia,-32.0146833,115.82974
6AczzenpE4asOq4CukgquY,Kiteboarding School Adelaide,kiteboardingschooladelaide,-34.9415521,138.5004396
4IFA9waEpacu60KG2qEYCs,Sunshine Coast Boardsports,scboardsports,-26.8026837,153.121581
Da7fOwlrKoK22mOQg0Mmu,Kite Alizé,kitealize,-12.269118,49.391454
5cpnV7ucNiWegemEOMA6O4,Yoaneye Kitesurfing,yoaneye,-20.45,57.316666700000006
2YiXuNfiLCmaQIMOwo4aIm,Constantly Kiting,constantlykiting,-33.08887,18.03557
1rNGcgoPCckgoI2ewC8OEC,Noosa Kitesurfing,kitesurfnoosa,-26.284498100000004,152.9918937
gKDngsy9BQgaIGy8SyeOO,Kitesurf Taranto,kitesurftaranto,40.4612413,17.2597333
4zquYkVJ1KE6guuO06QKCK,Garganosurf,garganosurf,41.91211,16.130186
9qxUzEYVXywUCkqMOccAy,151 Riccione,151riccione,44.0229539,12.6312418
NoWUVEtQGcUSiUqUMAqKO,Roma Kite Academy,romakiteacademy,41.727,12.28576
5JFI3UVhpCkikY4e8Iue6i,Quest Kiteboarding,questkiteboarding,-4.2797626,39.5946958
4rmFfWi4ecuEEckMAEscAQ,SurfHouse,surfhouse,32.373842100000005,34.8616891
5Mk6En9FrUIgsqQuQmisKw,Colona Watersports Ltd.,colona-watersports,27.1429944,33.8289845
16zCFDvSt2KWewu6gKy208,Zanzibar Kite Paradise,zanzibarkiteparadise,-6.268726,39.535342
2XeqZkaaw8W8wWgsA0gYQs,360 Sudr,360sudr,29.3254685,32.847289399999994
1Ith8alPjaiAyQm4ywsoGw,KBA Kitesurf Center,kba-kitesurf-center,10.9465123,108.2014717
6pwgxg84KWIEg6amGiAcie,Port Aransas H2O,portaransaswatertime,27.8339158,-97.0610994
2vWTgytggI42G44gAkUAoi,Kiteboarding Costa Rica,kiteboardingcostarica,11.0253168,-85.70382839999998
2FouFwYemIGGcooc6QkaIk,Florida Keys Kiteboarding,floridakeyskitesurfing,24.7290112,-81.0347288
4MEXukwM5WCkegc48ioWOS,YucKite,yuckite,21.2855669,-89.6688516
5khjA14gk8sKCM2KUUQAWA,Calima Kite Surf School,calimakitesurf,3.8530865,-76.5528432
4sCLumBP6Uq6Ieu4OMWuEs,Open Kite Brazil,openkitebrazil,-3.6652696,-38.6821169
1IBVDVvKfaQgIIOsGAQC4g,Sky Sports,sky-sports,-34.543910100000005,-58.47935820000001
3AlFaloQqskg6wiCCSEmam,Macaé kiteschool,macae,-22.182610600000004,-41.6634093
6sIae7mhqg22OmACe8uiu4,Wind Adventures,wind-adventures,18.059701,-63.08677900000001
2DYjS3CIZ2KSGMUIoIK0yg,GoodWinds Kitesurf Center,kitegoodwinds,18.4641403,-66.30041170000001
4Av4p8pG1GikCym6kuyago,Paracademy Extreme Sport Center,paracademyextreme,50.56316589999999,-2.4495607
2vsmAU2KnmsU0mMyEsqCO8,Kitesurfevolution,kitesurfevolution,47.864871,-4.280521
1BJllEMtjukssYoYcEyOq,Kitesurfles,kitesurfles,52.08843299999999,4.2458860000000005
121VC7mOZ2wUSqO6uCe4Oe,kite st croix,kitestcroix,17.7466397,-64.70319770000003
3LNd8R11Oo4W0QUA2Wk0OI,KiteXtrem,kitesurf-hyeres,43.0818156,6.1237866
6c40XcyUPmU664iksWwGOW,Adriatico Wind Club,adriaticowindclub,44.5004253,12.2808484
2pZyb3dOhqeMgqoUyMyUgE,Alvor Kitesurf Center,alvorkitecenter,37.130505,-8.593506399999999
3W1aAw16tWs2EeaEogaWEk,KiteXtreme-Turkey,kitextreme-turkey,37.03704000000001,28.329596
6lazIcGXew2AmQwYasmEiG,Fethiye Surf Center,fethiyesurfcenter,36.675062,29.097847
xnKX6ssSVUoO0k88qckqe,Kitemonkey,kitemonkey,37.9641791,23.7560745
5TwNBoxVtegAucygAKKkCK,Kitesurf Calabria,kitesurfcalabria,38.9446153,16.924388600000004
5upnWeV5PU8gWEmQ8yIQgk,Northwind Kitesurf,northwindkitesurf,43.4552733,-3.7456424
1zrfCL7cyAc2KmqqEcKqIE,Kiteboard Turkey,kiteboardturkey,37.037264,28.32978
3Jt7D2n1vp3aUvfVy5wonc,KiteSurf Madagascar,kitesurf-madagascar,-12.2741548,49.3924839
VpcfuxXIWciiWKeCOsgU0,Kitty Hawk Kites Nags Head Virginia Dare Trail,kittyhawk-nags-head-virginia-dare-trail,35.9058078,-75.59979659999998
5QewP45hLiCOccWq20eSYc,Radicalkitesurf,radicalkitesurf,37.3723669,27.267029
3NahJRX4DCWKwCWm24mCwU,Tornado Surf Safaga,tornadosurf,26.7972503,33.9416452
2EIxpKM8deAmEokiccoUQW,Kite school Windtown Cumbuco,kiteschool-windtown,-3.6251609,-38.7374997
30RTCxg4v6aCqewg2kymKG,We Love Kite,we-love-kite,42.66107,3.0326310000000003
4hE6yF3L2M24mug4iAuQ2I,Boarder Club Portugal,boarderclubportugal,38.598129,-9.207979
6IPOoUhxxSq8q2ekscaUY2,Kite Premium,kitepremium,43.43513400000001,3.773706
4F4YvuO4fmOGwiUau6wGuO,Kite Addicts Sharm,kiteaddictssharm,28.0536507,34.4387843
2RZ4kES45iiOc0mWc6mwS6,Dare2Fly Cabarete,dare2fly-cabarete,19.7631873,-70.42304449999997
4dyS17ZRviAOcoOmgoWe6a,Windsurf Center Denia,windcenterdenia,38.869877,-0.0109339
3SJ3ObDlLi4Em08oIsWYcQ,Stockholm Kiteboard Center,stockholm-kiteboardcenter,59.34632289999999,18.0458521
2oEWBD2ppmcsOEmyuIagOM,KiteClub Władysławowo,kiteclub-władysławowo,54.78185229999999,18.443116
7Fc4dJMpLUCaAE06ge6YU6,Fun Trips Kiteboarding,funtrips-dr,19.7501085,-70.40833099999998
1ydOtgC0u0CuU62AGqUGwo,Paope Surf Club,paopesurf,58.93402460000001,22.4379344
1UiW0OJPVWoMsoW82s2kaW,Your Algarve Adventure,youralgarveadventure,37.0554682,-7.745777499999999
63l0fvyxWgMKEOEuUk4WCw,Ecole de kitesurf du Morbihan,ecole-de-kite-morbihan,47.6273219,-3.1596085
Ew7tJFWEJq6gQCcoQckko,Mikes Kites,mikes-kites,14.137973,122.982118
3oIrot9xFecqcUAC0SuIAC,Free Spirits Punta Pellaro,freespiritspuntapellaro,38.01881289999999,15.6387647
2tAdzQl09eGwWEGU8IkaEy,You Kite,you-kite,47.6762807,-3.1723806
509ABGMmZiy2qYm4I0GS4w,Kiteboarding Club Tarifa,kiteboarding-club-tarifa,36.0124855,-5.6012639
1wsCFFehA0SqaCAoKwAYkW,TanaOnda Surf,tanaonda,41.1600154,16.7656556
yPFXsr6lxI6qimM8c4iOg,Kitesurf In Athens,kitesurfinathens,38.0451633,23.7764408
2n3Wzkn65KaWooiwkCQqSK,Kitemed,kitemed,34.8175044,33.5484032
6lZ1J2C5RSyy0gMOsiUI6w,NewKiteZone,newkitezone,38.0206407,15.6400805
65sHeb8q4M0WEKYUQ88Eak,Pro Kitesurf Roma,prokitesurfroma,41.68285820000001,12.3805088
SZoDEVUFIAuigWqgSMoC4,PKSA Pesaro Kite & Surf Association,pksa,43.9092545,12.895926
2riIteXd5aQIAkgEoSqU8Q,Kitesurf Adventure Greece,kiteschool-greece,38.8979542,20.873695
6s1lQS1Txe8UsySMcuYO4e,Kite Piratas,kitepiratas,36.7345212,14.8682521
373M05cjosaUwoYwaCwsOs,Kitesurf San Teodoro,kitesurfsanteodoro,40.8128976,9.6607895
6bQxEmvx0QQm4scG2maquq,Why Not Fly Cádiz,why-not-fly-cadiz,36.496324,-6.272075399999999
6nQt3pn3X2g4oQ2IuOCgcs,Lpwindsurf,lpwindsurf,27.8245583,-15.4246701
1RdNYvVPfWwWyWEIEUmcEA,Oliva Surf,olivasurf,38.922672,-0.08715429999999999
22xwabHM4gYQK8IE2MuCOA,Kitesurf Gandia Club,kitesurfgandia,38.96987,-0.15007
6k4sprvSTYWsI20wsgeUo4,Pura Vida Mallorca,puravidamallorca,39.8579089,3.1027886
2IXsvYcNe0iwIASWA6ae6K,DeltaKiteSup,deltakitesup,40.61919279999999,0.5912335
WAwaSEa70OesAGcUISy2u,The Boardroom Fuerteventura,boardroom-fuerte,28.7307954,-13.857847199999998
62GNOLJKkEO00o2C8caSyW,Azul Kiteboarding,azulkiteboarding,28.044302,-16.538963
2KO4XzbAVyKyWKGGW6AgiE,Accrokite,accrokite,45.685091,-1.18619
6MvX2iWINiKmKCUmOOKeky,Mouv N Kite,mouvnkite,46.8979365,-2.1491555
hsfUbklp04wuesCugsCSC,Westwind Nord,westwind-nord,56.020416,8.1284549
xZBEV707gOacS8aW4AWSi,Aloha Surf,aloha-estonia,58.37404590000001,24.5101609
3izsZUOa1WCMYUccgcWmyw,Westwind Bork,westwind-bork,55.84871329999999,8.278226400000001
70Nc52VtAWQ62IggiymI88,Kitezone Holland,kitezone-holland,52.45658760000001,4.560178700000002
5FHodekqHKMyu6KYgmsOWc,Urban Surf,urbansurf,47.6471708,-122.3337669
1TxZiT1hGQo02eYmQGQEWq,Eastwind Surf School,eastwind,55.039311,15.1081221
FQyTriZGIoKi0gEwiUEYq,Kite Resort,kiteresort,54.75723900000001,18.5170491
71onRHL2RGQKsCAysS2EEg,Boost Kiteboarding,boostkiteboarding,49.8953363,-97.0059425
4rafhN8g2skMyokEisieUk,Kitty Hawk Kites Manteo,kittyhawk-manteo,35.909997,-75.66919899999998
3yrpxycFRSwiKOe2Usesq,REAL Watersports,realwatersports,35.5660997,-75.46921189999998
43sb9WmWR2AK0EKu0ecSQQ,Manta Wind & Water Sports,mantawatersports,32.784737,-117.2041078
2fMoGfgNkXZ43TxJBvpLO8,Kangaroo Kite Peru,kangaroo-kite-peru,-13.8590509,-76.25522480000001
2tDttJRzNusqYMOCO8EKkQ,Verakite,verakite,19.1764577,-96.1231753
6faX5iyWC4A4ociIuEw0ma,Airxkite,airxkite,43.53669910000001,6.9522771999999975
2nMEYVjJhiQ24m86swm2Um,Las Terrenas Kitesurf,lasterrenas-kitesurf,19.323227300000006,-69.53372490000001
4vEWCoEziMMOKIYga0AoOU,Kitescool,kitescool,-41.2683946,173.2755573
6fFZHdSQo02yiEOye4eauA,KiteZone Phuket,kitesurfthailand-phuket,7.7982974999999985,98.3362952
1vFV4r6oL28qSGMc0kCG4u,Phi Kite Adventures - Phan Rang,phikiteadventures,11.6780318,109.1748111
3M3pz3Ock8w68QwaEOGsis,Kiteboarding Zanzibar,kiteboardingzanzibar,-6.2669723,39.5361042
6JumgzwrZYeqiW6uui4GgI,Kiteboarding Asia Koh Phangan,kiteboardingasia-phangan,9.7026015,100.0115161
jKm5eY1nFuEAQ8ya4Au24,Kitesurfing Koh Phangan,kitesurfing-kohphangan,9.7053363,99.992222
3JZvJve54AAWE2O8Ig6mC6,C2Sky KiteSurfing,c2skykitecenter,10.9429983,108.1937288
4QcrfRfUWsWMs4Yeygaw2G,Surfpoint Vietnam,surfpoint-vietnam,10.946887599999998,108.2016561
3FU81SVahGeEsC0wQi6q4,Hong Kong Kiteboarding School,hong-kong-kiteboardingschool,22.219732,113.9202826
6m2tzSqQjC0m2MgO8qK4ka,Flo Kite School,flokiteschool,25.2494897,51.4754963
2IbnRYYcIM86sOogoU0uoA,Hua Hin Kitesurfing,huahinkitesurfing,12.5466038,99.96457839999994
5Qb8Z8QhfaG6geMoYqcq8E,KiteObsession,kiteobsession,36.0260571,-5.611320400000068
4SJ94ZB3kAuokM4gWgoC6m,Magma Kitesurf School,magma,28.6789427,-13.9415155
2FkbuOaOWkGCQWMcy4kMQo,Saysay Surfshop,saysaysurfshop,35.7764615,-5.814149599999999
4ORO5XeoPSoSMuW0Ugoe0a,Graykite,graykite,36.042694,-5.624467
3IPav0xsiT9Hn5LT5ZATCX,Noumea Kiteschool,noumea-kiteschool,-22.2849615,166.4411242
6iERdg8yuQ6sAO6cEAiqcE,KiteTheBay,kitethebay,37.815982700000006,-122.3712321
1kPDv7kck4S88aGuougoWq,Le Morne Kite School,lemorne-kiteschool,-20.45,57.316666700000006
3RmKGRYrNC2y220qS2wA4O,Puzziteddu Reef,puzziteddu,37.5603915,12.6783292
1TCpVvkE3W8cmk8cywiQoQ,Kitesurf School Dubai KSD,kitesurf-dubai-ksd,25.1666852,55.2093016
2xrxz6zsy0A6u2woqMecQi,Harry Nass Hurghada,harry-nass-hurghada,27.1313917,33.828347899999926
6lp2wuhmfYkIMyY82ummym,Kitethrills,kitethrills,-26.7662121,153.13604450000003
6tDZXB8iTSOoCsW8uYaokY,Tarpons Bay,tarpons-bay,28.6822792,-14.007161800000002
2BWB4frOsU28wwUEEOEwsu,RedShark Fuerteventura,redshark,28.7236033,-13.8688291
5Ns2BM9M74vUcmATOYiosQ,Lebanon by kite,lebanon-by-kite,34.4345947,35.83616329999995
6uut6W1oiWIAgMi0s84YIQ,Blue Adventures,blueadventures,-36.341161,174.7590489
qDwfae1M3IIS6K4kSciiK,Laguna,laguna,32.013186,34.748019
6yilNddwm4QmssO4K0wk2U,SurfClub Haifa,surfclub-haifa,32.8006434,34.9572877
45XUd1azuneTR7G5btMojq,Dakhla Kitesurf World,dakhla-kitesurf-world,23.91267298882321,-15.782840514602412
28XiqKNX5sm3dfha745Ct5,Dream Kite UCPA,dream-kite-ucpa,23.910045754297485,-15.782765194221838
67q5Wa0IgOpkq8GARKuyuU,KBC Dakhla,kbc-dakhla,23.903529583339314,-15.769005178786642
tEOtOAsqZM8qMUiQoIoEs,KBC El Gouna,kiteboarding-club-el-gouna,27.42078,33.672604
jkJsJBB0OWiAI84mISAGq,Winddance,winddance,-12.959395,-38.396148100000005
6uPrpYhOw0e0ws8Q0aOgWW,Clube da Prancha,clubedaprancha,-12.8808246,-38.2826602
3rj63Jyk9aeQg0qs4Kq4KI,Ocean kite Point OK-P,okp,-2.4778312,-44.2224564
7LLe6cMVgckEwcCgK2mMMU,Renato Guimarães Escola,renato-escolasurfkitesurf,-20.5314002,-40.38376210000001
4jf1k11ZBe4uAyAcCWEyU6,Fridsland Kitesurf,fridsland,-23.7783806,-45.4004368
349sqh2PvOlI4zUrhLbde4,Surfmotion Soma Bay,surfmotion-soma-bay,26.840208682350976,33.95097425825202
4bBoTtdEwJIloWfvwfO3xP,Bigdayz Kitting - Egypt,bigdayz-kitting-egypt,26.827254,33.94278099999997
4Q33y7K22Wx7CIKeuo0vdA,Abu soma riders kiteboarding,abu-soma-riders-kiteboarding,26.8148371,33.94736369999998
4uFh9SXS8brADQPnFyryRm,Planet Allsports - Boavista,planet-allsports-boavista,16.169698,-22.91384199999993
1tX6BKVhiO7BtqnPnhKGKd,ION Club Cape Verde,ion-club-cape-verde,16.597598101785806,-22.90976061833794
QSEkOMV86Hreu7Wc0ZOeX,ION Club Alaçatı,ion-club-alacati,38.24785180000001,26.385464700000057
3qnfBWleRycWOMGY2CY4Ku,Baz notik Le Carayou,windsurfclubmartinique,14.559003426669221,-61.04906337761531
68dHarWim480CsCIiGs64,Green Hat Kiteboarding,greenhatkiteboarding,39.82242600000001,-74.205066
6ywSx1JNL2yUaAukQuk6we,NY Kite Center,nykitecenter,40.658781,-73.4061421
3FC182zcEo4i8468ISmWuo,Ukiteboard School Keswick,ukiteboard-keswick,44.20831610000001,-79.47034289999998
6D4s42mRRmqGq2YCWuas0W,Hampton Watersports,hamptonwatersports,40.8949777,-72.4554598
1pJ3uStSxO06Oc0Wu6EMW8,Sea To Sky Kiteboarding School,seatoskykiteboarding,49.7099049,-123.16843269999998
18gNZp88aIeaMOKSGMAg8M,True Progression Kiteboarding,trueprogressionkiteboarding,41.517839,-71.13926500000002
1H36Xr6Vc4uUc8cCYIe06U,Aerial Kiteboarding School,aerial,49.6959144,-123.1576774
4cBsGAFIi4kEeQAeEsCeey,iKite Canada,ikite,43.8305182,-79.4800299
16bW9Jn7D8s8KEEOQAAaWm,California Kiteboarding,californiakiteboarding,35.141428399999995,-120.6399209
2ubRQzxp9C2yqMOeckWEMm,Captain Kirks,captainkirks,33.7827748,-118.16726010000002
6J4q5NT9nyweG2QeyoWIiq,Mission Beach surf school,missionbeachsurfingschool,32.7904218,-117.2538675
5WjedxzUycS04mwkssySQU,North Florida Kiteboarding,nfkiteboarding,29.3007336,-81.04965440000002
4oFW1r4qb684uKgCOYgiwu,North Florida Kiteboarding Jacksonville Beach,nfkiteboarding-jacksonville-beach,30.263013,-81.3847808
1C1PYgsDdy4eiAqcCGAmym,KGB Kiteboarding,kgbkiteboarding,30.274594399999994,-81.4114142
2149IGaTfVVnLq1ZiNS9L2,Kitesurf school Wind Riders,kitesurf-school-wind-riders,45.8024511,10.785249700000008
2cAbLl2CqEqmMIg4IkygsE,Kitepro,kitepro,24.4530753,54.6706489
7A4ua1mVcQaYEUcEkyMIS6,Cuba Kite Village,cubakitevillage,23.1743295,-82.20880559999998
7KnOQdcAxyUSMASESiWG6m,MH Kiteschool - Jericoacoara,mhkiteschool,-2.812914,-40.415461
2EdUzQlw1CUYOicya4CYGU,Kitesurf Antigua,kitesurf-antigua,17.1593064,-61.7980953
5ddS3hJlfGmUsCmWoSe8so,Gokite Cabarete,gokite-cabarete,19.764219,-70.423535
3Gbu2yyu7SyI2e0C6gIaYS,Clinique de la Planche,ecole-kite-surf-normandie,49.1735906,-0.3372509
4SDkM4NNReaUFVJeXKqCH7,Movement Sports Kitesurfschool,movement-sports-kitesurfschool,51.5920715,3.7206988000000365
1KRKN6Vn980tUnMib5elD1,Odyssea Dive & Kite,odyssea,-21.9971,35.32129
4awHTt9nrqmC0UCUmCwW8O,North Shore Kiteschool,northshorekiteschoolsardinia,40.98218645011992,8.862081239520254
3prd7PoaWkE84ywEk80Kk4,Djerba Kite,djerbakite,33.71260449209838,10.946130553413806
6CdR93rpMYP7R9DOCT9ILE,Kite Technology,kite-technology,59.95536,30.23174
3vn344FA2tuny1kyLJMNlJ,Poseidon Kite School,poseidon-kite-school,50.69354,-1.93212
4zfqQEB4vCoasIAksIa0qO,Easy Kite,easy-kite,16.23193,-61.3698
23xP41bGe8o4CuiaUgwMkg,Mojokite,mojokite,41.266132,1.9694424
1bqpwtjlTyna5stqTW9rOb,Club Kitesurf La Loteta,club-kitesurf-la-loteta,41.81893,-1.32402
4231JO4EaskSGSASQuaUSg,Allyoucansurf Portugal,allyoucansurf-portugal,41.8486979,-8.865918599999997
1EheSoYKFiMgk6wmka0GO8,MuiNe Kitesurf School MKS,muinekitesurfschool,10.9383444,108.1889354
3QvRc36o5qqhHIRwQaHfFp,YOUGI KITEBOARDING,yougi-kiteboarding,23.7080469,-15.923700599999961
f1603AiSysC6sA8uw2qWe,MOGASURF,mogasurf,31.508492600000004,-9.7595041
6YQrH590uAsW62mOsIg6Co,Marea Kite School,mareakitesurf,43.33895,-8.37589
5RkOwKEx5C0W22MuAasWKo,Essaouira Gliss City,essaouiraglisscity,31.5043488,-9.763603
5iKgZBzMdS1qo2WplLYFzM,Follow The Wind Kitesurf Sicily,follow-the-wind-kitesurf-sicily,37.88384,12.47745
3XAwFvyYHeiIOa0E2C8YKq,Happy Kite Grenadines,happykitegrenadines,12.596567,-61.417371
7FppCgaibKs2iCKuWIUmSi,Sri Lanka Kite School Kitekuda,srilankakiteschool,8.1388185,79.7091786
xTd3nQWijeIuSQgGKoQ02,Kiteboarding Oman,kiteboarding-oman,23.7745163,57.7828305
3Av5l4eZJzxRgDRzrms9Om,Panama Kite Center,panama-kite-school,8.640956599999999,-79.7167033
9EpWARjXCtWvjqCaBEp8P,Pro Kitesurfing School and Club,pro-kitesurfing-school-and-club,53.3257,-3.48411
3895TYAnyoyM2KO8yoa8ac,Gisela Pulido Panamá,kitesurfpanama,8.651181,-79.704027
4xsOtgm0Jqywkq448U8u2o,Gisela Pulido Pro Center,gisela-pulido,36.0232652,-5.6117348
1RkSm8GygMgQouQSQUSS4s,Kite Control Portugal - kitesurf school,kitecontrolportugal,39.422382,-9.233507
3kC2izYAFaMuSc0CmUEaGE,Beekite Brasil,beekite-kitesurf-brasil,-2.907797,-41.450506
15LvqKdpFp1qlsCU7HTaxE,NO Limits Kitesurfing,no-limits-kitesurfing,37.88581,12.47156
2xoMDl2kmQO2wIMEYEMA2C,Source Kiteboarding,sourcekiteboarding,10.95337,108.2157
6TCX86SyYVMZG11JRtZ0RS,Vacala Bay Resort,vacala-bay-resort,-16.696,-179.893
1hdhJTaEpm8I2MGOi8s0QE,Kite Buen Hombre,kitebuenhombre,19.8694399,-71.4035897
P5a7xgEnGoOcUeI0KkKSe,Sealand Adventure Sports,sealandsports,32.7623729,-79.8379246
7zZP2hqhuYBiRJM48NpkKI,One Launch Kite-House,one-launch-kite-house,-4.402740381041888,-37.77100209648131
4pLBXGqs8UcqscWQWQ2IoQ,40knots,40knots,17.072688,-61.69965699999999
63NsPYrOdSDaxEZx0ag19u,Kite Aventure,kite-aventure,33.71749,10.94847
2KnfhjosONTXlMWpEDYIlw,Lotus Catamaran - Adventure in Luxury,lotus-catamaran,17.0746557,-61.81752069999999
15liC4Hx7SXHjjkVg2201O,Wind Voyager - Mediterranean,wind-voyager-mediterranean,38.922461722724776,1.4271441922418262
7stxE1dojxQ1l7AfTWt0wy,LEN10 Experience,len10-experience,-2.8106783091918723,-40.469180783203115
5LjeLdjks7QiIUHkFEW172,Kite & Connect - Business Kitetrips,kite-and-connect,48.856614,2.3522219000000177
