URL,Derni√®re exploration
http://www.unplug.style/spots/la-tonnara-corsica,2020-05-23
http://www.unplug.style/spots/walton-on-the-naze,2020-05-23
http://www.unplug.style/spots/balephetrish-tiree,2020-05-23
https://www.unplug.style/spots/annan-river-mouth,2020-05-23
http://www.unplug.style/spots/rageleje-sjaelland,2020-05-23
https://www.unplug.style/spots/el-galeon-cozumel,2020-05-23
https://www.unplug.style/spots/crocodile-boracay,2020-05-23
https://www.unplug.style/spots/luberegg-donauarm,2020-05-23
http://www.unplug.style/spots/marniga-lake-garda,2020-05-23
https://www.unplug.style/spots/sainte-anne,2020-05-22
https://www.unplug.style/spots/st-raphael,2020-05-22
https://www.unplug.style/spots/towers-road-delaware-seashore-state-park,2020-05-22
https://www.unplug.style/spots/mommark-als,2020-05-22
https://www.unplug.style/spots/laguna-de-apoyo,2020-05-22
https://www.unplug.style/spots/coudeville-plage,2020-05-22
https://www.unplug.style/spots/arenales-del-sol,2020-05-22
https://www.unplug.style/spots/chris-lefts,2020-05-22
https://www.unplug.style/spots/herne-bay,2020-05-22
https://www.unplug.style/spots/gnisv-rd-gotland,2020-05-22
https://www.unplug.style/spots/svytyaz,2020-05-22
https://www.unplug.style/spots/element,2020-05-22
http://www.unplug.style/spots/shine-county-park,2020-05-21
https://www.unplug.style/spots/anse-a-la-gourde,2020-05-21
http://www.unplug.style/spots/presa-de-huapango,2020-05-21
https://www.unplug.style/spots/punta-popy,2020-05-21
https://www.unplug.style/spots/plaza-biograd,2020-05-21
http://www.unplug.style/spots/governor-nelson-state-park-lake-mendota,2020-05-21
http://www.unplug.style/spots/cedar-beach-conservation-area-lake-erie,2020-05-21
https://www.unplug.style/spots/pevensey-bay,2020-05-21
https://www.unplug.style/spots/km-marker-189,2020-05-21
http://www.unplug.style/schools/wind4love,2020-05-21
https://www.unplug.style/spots/jockey-s-ridge-state-park-bodie-island,2020-05-21
https://www.unplug.style/spots/wat-summanawas,2020-05-21
http://www.unplug.style/spots/carelmapu,2020-05-21
https://www.unplug.style/spots/campground-oceanside-ocracoke-island,2020-05-20
https://www.unplug.style/sitemap.xml,2020-05-20
http://www.unplug.style/spots/pg-2,2020-05-20
https://www.unplug.style/spots/lancing-beach,2020-05-20
https://www.unplug.style/spots/sour-south,2020-05-20
https://www.unplug.style/spots/c-street-ventura,2020-05-20
http://www.unplug.style/spots/podersdorf-sued-strand-neusiedler-see,2020-05-20
https://www.unplug.style/spots/new-road-delaware-seashore-state-park,2020-05-20
https://www.unplug.style/spots/boderne-bornholm,2020-05-20
https://www.unplug.style/spots/simos-elafonisos,2020-05-20
https://www.unplug.style/spots/surf-beach-mills,2020-05-20
https://www.unplug.style/spots/cape-pogue-bay-chappaquiddick-island,2020-05-20
https://www.unplug.style/spots/budayia-beach,2020-05-20
https://www.unplug.style/spots/lake-iskar,2020-05-20
http://www.unplug.style/spots/sengekontacket-pond-marthas-vineyard,2020-05-19
https://www.unplug.style/spots/mtwapa-creek,2020-05-19
https://www.unplug.style/spots/kahuna-surfhouse,2020-05-19
http://www.unplug.style/spots/huapi-brazo-huemul-nahuel-huapi-lake,2020-05-19
https://www.unplug.style/spots/guanhacabibes-meteorological-station,2020-05-19
https://www.unplug.style/spots/wickaninnish-beach-vancouver-island,2020-05-19
https://www.unplug.style/spots/west-gilgo-beach-jones-beach-island,2020-05-19
http://www.unplug.style/spots/puzziteddu-sicily,2020-05-19
http://www.unplug.style/spots/andernos-les-bains-bassin-d-arcachon,2020-05-19
https://www.unplug.style/spots/altona-coastal-park-port-phillip-bay,2020-05-19
http://www.unplug.style/spots/navarre-pier-beach-santa-rosa-island,2020-05-19
https://www.unplug.style/spots/magpie-bay-point-canyon-ferry-lake,2020-05-19
http://www.unplug.style/spots/geremeas-sardinia,2020-05-19
https://www.unplug.style/spots/furillen-gotland,2020-05-19
https://www.unplug.style/spots/frisco-sound-side-turnout-hatteras,2020-05-19
http://www.unplug.style/spots/schladitzer-bucht,2020-05-19
https://www.unplug.style/spots/old-propeller-plane-dian-shan-lake,2020-05-19
https://www.unplug.style/spots/conceicao-ilha-fernando-de-noronha,2020-05-19
https://www.unplug.style/spots/yankee-springs-state-park-gun-lake,2020-05-19
https://www.unplug.style/spots/leeside-bay-side-santa-rosa-island,2020-05-18
http://www.unplug.style/spots/anse-a-l-orme-lac-des-deux-montagnes,2020-05-18
https://www.unplug.style/spots/punta-guilarte,2020-05-18
https://www.unplug.style/spots/thorah-centennial-park-lake-simcoe,2020-05-18
https://www.unplug.style/spots/burgos,2020-05-18
https://www.unplug.style/spots/le-langoustier-ile-de-porquerolles,2020-05-18
http://www.unplug.style/spots/bird-observatory-lesser-slave-lake,2020-05-18
https://www.unplug.style/spots/playa-de-las-tortugas-isla-holbox,2020-05-18
https://www.unplug.style/spots/crete-d-oka-lac-des-deux-montagnes,2020-05-18
https://www.unplug.style/spots/st-pere-pescador,2020-05-18
https://www.unplug.style/spots/bang-saphan-noi,2020-05-18
http://www.unplug.style/spots/shek-o-back-beach-hong-kong-island,2020-05-18
http://www.unplug.style/spots/les-boucholeurs-ile-de-noirmoutier,2020-05-18
http://www.unplug.style/spots/podersdorf-sued-sued-neusiedler-see,2020-05-18
https://www.unplug.style/spots/maryhill-state-park-columbia-river,2020-05-18
https://www.unplug.style/spots/survival-beach,2020-05-18
http://www.unplug.style/spots/corniche-jazan-economic-city-beach,2020-05-18
https://www.unplug.style/spots/falassarna-crete,2020-05-18
https://www.unplug.style/spots/los-caballos,2020-05-18
https://www.unplug.style/spots/bahia-de-jauca,2020-05-18
https://www.unplug.style/spots/galu-beach,2020-05-18
https://www.unplug.style/spots/la-albufereta,2020-05-18
https://www.unplug.style/spots/ocean-parke7,2020-05-18
https://www.unplug.style/spots/el-paquebote,2020-05-18
http://www.unplug.style/spots/presa-de-atlangantepec-atlangantepec,2020-05-18
https://www.unplug.style/spots/ao-cho-kho-samet,2020-05-18
http://www.unplug.style/spots/boca-de-pascuales,2020-05-18
https://www.unplug.style/spots/native-channel-beach-north-bimini,2020-05-17
http://www.unplug.style/spots/island-view-beach-vancouver-island,2020-05-17
http://www.unplug.style/spots/mandeville-harbor-lake-pontchartrain,2020-05-17
https://www.unplug.style/spots/chapoquoit-beach,2020-05-17
https://www.unplug.style/spots/tartane-la-croix,2020-05-17
http://www.unplug.style/spots/kiwengwa-zanzibar,2020-05-17
https://www.unplug.style/spots/estavayer-le-lac-lac-de-neuchatel,2020-05-17
https://www.unplug.style/spots/grand-village-plage-ile-d-oleron,2020-05-17
https://www.unplug.style/spots/bazarouto-archipeligo-vilanculos,2020-05-17
http://www.unplug.style/spots/pointe-de-chassiron-ile-d-oleron,2020-05-17
https://www.unplug.style/spots/murrell-park-east-grapevine-lake,2020-05-17
http://www.unplug.style/spots/ormond-by-the-sea,2020-05-17
http://www.unplug.style/spots/west-meadow-beach,2020-05-17
https://www.unplug.style/spots/marina-di-andora,2020-05-17
http://www.unplug.style/spots/brown-s-point-park-greenwood-lake,2020-05-17
https://www.unplug.style/spots/beauport-bay-saint-lawrence-river,2020-05-17
https://www.unplug.style/spots/downtown-beach-san-andres-island,2020-05-17
https://www.unplug.style/spots/point-of-mussulo-ilha-do-mussulo,2020-05-16
https://www.unplug.style/spots/pietra-ligure,2020-05-16
https://www.unplug.style/spots/the-ledge-cocos-keeling-islands,2020-05-16
https://www.unplug.style/spots/manoc-manoc-beach-boracay-island,2020-05-16
https://www.unplug.style/spots/factory-point,2020-05-16
https://www.unplug.style/spots/tbilisi-lake,2020-05-16
https://www.unplug.style/spots/coco-beacha0,2020-05-16
http://www.unplug.style/spots/mason-neck-state-park-potomac-river,2020-05-16
http://www.unplug.style/spots/marines-de-san-pellegrino-corsica,2020-05-16
https://www.unplug.style/spots/follow-the-wind-kitesurf-sicily,2020-05-16
https://www.unplug.style/spots/boldro-ilha-fernando-de-noronha,2020-05-16
https://www.unplug.style/spots/surfers-paradise-hiiumaa-island,2020-05-16
https://www.unplug.style/spots/dolphin-cove-south-padre-island,2020-05-16
https://www.unplug.style/spots/klausdorfer-strand-sued-fehmarn,2020-05-16
https://www.unplug.style/spots/grevelingendam-grevelingenmeer,2020-05-16
https://www.unplug.style/spots/annagassan,2020-05-16
http://www.unplug.style/spots/west-wind-launch-alum-creek-lake,2020-05-16
https://www.unplug.style/spots/los-escullos,2020-05-16
http://www.unplug.style/spots/long-beach-pulau-perhentian-kecil,2020-05-16
http://www.unplug.style/spots/whithaven-beach-whitsunday-island,2020-05-16
http://www.unplug.style/spots/sandbar-state-park-lake-champlain,2020-05-16
https://www.unplug.style/spots/anse-la-raie,2020-05-16
https://www.unplug.style/spots/hatteras-inlet-ocracoke-island,2020-05-16
http://www.unplug.style/spots/point-richards-port-phillip-bay,2020-05-16
https://www.unplug.style/spots/crandon-beach-park-key-biscayne,2020-05-16
http://www.unplug.style/spots/viento-state-park-columbia-river,2020-05-15
http://www.unplug.style/spots/silver-beach-park-lake-michigan,2020-05-15
http://www.unplug.style/spots/la-luzeronde-ile-de-noirmoutier,2020-05-15
https://www.unplug.style/spots/dream-beach,2020-05-15
https://www.unplug.style/spots/lopez-angostura-artificial-lake,2020-05-15
https://www.unplug.style/spots/edgewater-state-park-lake-erie,2020-05-15
http://www.unplug.style/spots/little-point-sable-lake-michigan,2020-05-15
https://www.unplug.style/spots/rancho-leonero-baja-california,2020-05-15
https://www.unplug.style/spots/red-wharf-bay-isle-of-anglesey,2020-05-15
https://www.unplug.style/spots/la-capannina,2020-05-15
http://www.unplug.style/spots/rickett-s-point-port-phillip-bay,2020-05-15
https://www.unplug.style/spots/south-end-of-wrightsville-beach,2020-05-15
http://www.unplug.style/spots/frontignan-plage-etang-d-ingril,2020-05-15
https://www.unplug.style/spots/newport-pass-rd-mustang-island,2020-05-15
https://www.unplug.style/spots/lake-mead-nevada-boulder-beach,2020-05-15
https://www.unplug.style/spots/croton-point-park-hudson-river,2020-05-15
https://www.unplug.style/spots/snelling-beach-kangaroo-island,2020-05-15
http://www.unplug.style/spots/oldman-river-dam-reservoir-park,2020-05-15
https://www.unplug.style/spots/north-harbour-ocracoke-island,2020-05-15
http://www.unplug.style/spots/baie-de-la-canche,2020-05-15
http://www.unplug.style/spots/shela-lamu-island,2020-05-15
https://www.unplug.style/spots/le-grand-travers,2020-05-15
https://www.unplug.style/spots/faneromeni-crete,2020-05-15
http://www.unplug.style/spots/bojendorf-fehmarn,2020-05-15
http://www.unplug.style/spots/santa-lucia-di-moriani-corsica,2020-05-15
https://www.unplug.style/spots/paradise-beach-paradise-island,2020-05-15
https://www.unplug.style/spots/hamilton-island-columbia-river,2020-05-15
https://www.unplug.style/spots/denton-s-point-georgetown-lake,2020-05-15
https://www.unplug.style/spots/sandy-beach-anse-de-sables-bay,2020-05-15
https://www.unplug.style/spots/recreation-beach,2020-05-15
https://www.unplug.style/spots/kayangel-islands,2020-05-15
http://www.unplug.style/spots/riva-dei-tarquini,2020-05-15
http://www.unplug.style/spots/sanitu-beach-miyakojima-island,2020-05-15
https://www.unplug.style/spots/gizzeria-lido,2020-05-15
http://www.unplug.style/spots/notre-dame-ile-de-porquerolles,2020-05-15
https://www.unplug.style/spots/hudhuranfushi,2020-05-15
http://www.unplug.style/spots/pointe-des-chenes-lake-superior,2020-05-15
http://www.unplug.style/spots/skeleton-hill-island-sandy-hook,2020-05-15
https://www.unplug.style/spots/manjuyod-sandbar,2020-05-15
https://www.unplug.style/spots/arinaga-gran-canaria,2020-05-15
http://www.unplug.style/spots/anse-forbans-mahe,2020-05-15
https://www.unplug.style/spots/gnotuk-avenue-port-phillip-bay,2020-05-15
https://www.unplug.style/spots/sugar-beach-great-harbour-cay,2020-05-15
http://www.unplug.style/spots/south-hole-sound-little-cayman,2020-05-15
https://www.unplug.style/spots/kaihalulu-red-sand-beach-maui,2020-05-15
https://www.unplug.style/spots/thong-sala-beach-kho-pha-ngan,2020-05-15
https://www.unplug.style/spots/skyway-bridge-north-rest-area,2020-05-15
http://www.unplug.style/spots/punta-sandinero-isabella-beach,2020-05-15
http://www.unplug.style/spots/son-moll-mallorca,2020-05-15
http://www.unplug.style/spots/paunch-isla-colon,2020-05-15
http://www.unplug.style/spots/playa-de-san-juan,2020-05-15
https://www.unplug.style/spots/focene-kitebeach,2020-05-15
http://www.unplug.style/spots/camping-jeannot-ile-de-lameque,2020-05-15
https://www.unplug.style/spots/sonderby-ost-ringkobing-fjord,2020-05-15
https://www.unplug.style/spots/jacobs-creek-park-canyon-lake,2020-05-14
https://www.unplug.style/spots/grouse-meadows-miquelon-lakes,2020-05-14
http://www.unplug.style/spots/esch-road-beach-lake-michigan,2020-05-14
http://www.unplug.style/spots/power-plant-beach,2020-05-14
https://www.unplug.style/spots/playa-de-la-mata,2020-05-14
http://www.unplug.style/spots/paradise-village,2020-05-14
https://www.unplug.style/spots/foddini-sardinia,2020-05-14
https://www.unplug.style/spots/birnau-bodensee,2020-05-14
https://www.unplug.style/spots/lauterhorn-f-roe,2020-05-14
https://www.unplug.style/spots/greenport-jetty,2020-05-14
https://www.unplug.style/spots/lake-worth-beach,2020-05-14
https://www.unplug.style/spots/mala-wharf-maui,2020-05-14
https://www.unplug.style/spots/liepaja-karaosta,2020-05-14
https://www.unplug.style/spots/palma-edificio-gesa-mallorca,2020-05-14
https://www.unplug.style/spots/baja-trinidad-isola-maddalena,2020-05-14
https://www.unplug.style/spots/south-shore-access-clear-lake,2020-05-14
https://www.unplug.style/spots/east-beach-saint-simons-island,2020-05-14
http://www.unplug.style/spots/jordan-river-vancouver-island,2020-05-14
http://www.unplug.style/spots/whale-harbor-marina-islamorada,2020-05-14
https://www.unplug.style/spots/madaket-harbor-nantucket-island,2020-05-14
https://www.unplug.style/spots/south-flats-south-padre-island,2020-05-14
https://www.unplug.style/spots/lake-dallas-park-lake-lewisville,2020-05-14
http://www.unplug.style/spots/rotary-lookout-point-st-maarten,2020-05-14
https://www.unplug.style/spots/lighthouse-point-sanibel-island,2020-05-14
https://www.unplug.style/spots/hood-river-marina-columbia-river,2020-05-14
http://www.unplug.style/spots/schlungenhof-surfufer-altmuehlsee,2020-05-14
http://www.unplug.style/spots/north-flats-south-padre-island,2020-05-14
http://www.unplug.style/spots/lapus-lapus-beach-boracay-island,2020-05-14
http://www.unplug.style/spots/punta-abreojos-baja-california,2020-05-14
https://www.unplug.style/spots/belfair-state-park-hood-canal,2020-05-14
http://www.unplug.style/spots/wilson-state-park-wilson-lake,2020-05-14
https://www.unplug.style/spots/playa-bonita-nahuel-huapi-lake,2020-05-14
http://www.unplug.style/spots/pont-levis-sete-etang-de-thau,2020-05-14
http://www.unplug.style/spots/porto-santo-ilha-de-porto-santo,2020-05-14
http://www.unplug.style/spots/baie-de-valois-lac-saint-louis,2020-05-14
http://www.unplug.style/spots/breakwater-beach-harrison-lake,2020-05-14
http://www.unplug.style/spots/hurricane-gulch-cabrillo-beach,2020-05-14
http://www.unplug.style/spots/bicas-beach-ilha-do-governador,2020-05-14
https://www.unplug.style/spots/cayo-herradura-tortuga-island,2020-05-14
https://www.unplug.style/spots/south-beach-area-c-sandy-hook,2020-05-14
http://www.unplug.style/spots/praia-da-barra-ilha-do-guajiru,2020-05-14
http://www.unplug.style/spots/punta-la-gringa-baja-california,2020-05-14
https://www.unplug.style/spots/australind-leschenaut-estuary,2020-05-14
http://www.unplug.style/spots/rosarito-pier-baja-california,2020-05-14
https://www.unplug.style/spots/the-pond-huguenot-memorial-park,2020-05-14
https://www.unplug.style/spots/playa-del-hombre-gran-canaria,2020-05-14
https://www.unplug.style/spots/playa-el-aqua-isla-margarita,2020-05-14
https://www.unplug.style/spots/cap-coudalere-etang-de-leucate,2020-05-14
http://www.unplug.style/spots/wendisch-rietz-scharmuetzelsee,2020-05-14
http://www.unplug.style/spots/playa-del-aguila-gran-canaria,2020-05-14
https://www.unplug.style/spots/marthas-vineyard-katama-beach,2020-05-14
http://www.unplug.style/spots/treac-h-ar-goured-ile-d-houat,2020-05-14
https://www.unplug.style/spots/foz-do-arelho-lagoa-de-obidos,2020-05-14
https://www.unplug.style/spots/thousand-steps-beach-putuoshan,2020-05-14
https://www.unplug.style/spots/torre-d-aires-ilha-de-tavira,2020-05-14
https://www.unplug.style/spots/arbousiers-bassin-d-arcachon,2020-05-14
http://www.unplug.style/spots/gun-bay-karpathos,2020-05-14
https://www.unplug.style/spots/frigate-island-union-island,2020-05-14
https://www.unplug.style/spots/la-lagune-iles-de-la-madeleine,2020-05-14
http://www.unplug.style/spots/ocracoke-inlet-ocracoke-island,2020-05-14
http://www.unplug.style/spots/brinsmead-lane-lake-connewarre,2020-05-14
https://www.unplug.style/spots/camping-gionet-miscou-island,2020-05-14
https://www.unplug.style/spots/les-pecheurs-etang-de-leucate,2020-05-14
http://www.unplug.style/spots/mitchell-s-bayae-lake-st-clair,2020-05-14
http://www.unplug.style/spots/waukegan-beachda-lake-michigan,2020-05-14
http://www.unplug.style/spots/haverstraw-marina-hudson-river,2020-05-14
https://www.unplug.style/spots/pocomo-point-nantucket-island,2020-05-14
https://www.unplug.style/spots/dooniver-beach-achill-island,2020-05-14
https://www.unplug.style/spots/melia-buena-vista-west-beach,2020-05-14
https://www.unplug.style/spots/les-aresquiers-etang-d-ingril,2020-05-14
https://www.unplug.style/spots/ivory-kai-beach-grand-cayman,2020-05-14
https://www.unplug.style/spots/kiboko-beach-lake-tanganyika,2020-05-13
http://www.unplug.style/spots/brenton-on-lake-knysna-lagoon,2020-05-13
https://www.unplug.style/spots/beach-club-nantucket-island,2020-05-13
http://www.unplug.style/spots/pewaukee-beach-pewaukee-lake,2020-05-13
https://www.unplug.style/spots/monkey-island-hainan-island,2020-05-13
http://www.unplug.style/spots/roompot-strand-oosterschelde,2020-05-13
http://www.unplug.style/spots/pointe-claire-lac-saint-louis,2020-05-13
http://www.unplug.style/spots/christian-island-georgian-bay,2020-05-13
http://www.unplug.style/spots/sauvies-island-columbia-river,2020-05-13
http://www.unplug.style/spots/point-campbell-ile-de-lameque,2020-05-13
http://www.unplug.style/spots/point-break-ilha-do-bazaruto,2020-05-13
https://www.unplug.style/spots/manuels-beach-conception-bay,2020-05-13
http://www.unplug.style/spots/radlow-strand-scharmuetzelsee,2020-05-13
https://www.unplug.style/spots/middle-beach-zhoushan-island,2020-05-13
http://www.unplug.style/spots/ventanas-al-mar-beach-cozumel,2020-05-13
https://www.unplug.style/spots/holiday-beach-mustang-island,2020-05-13
https://www.unplug.style/spots/majestics-catanduanes-island,2020-05-13
https://www.unplug.style/spots/bonza-bay,2020-05-13
https://www.unplug.style/spots/the-danks-long-beach-island,2020-05-13
http://www.unplug.style/spots/pozo-kite-beach-gran-canaria,2020-05-13
https://www.unplug.style/spots/j-p-luby-park-mustang-island,2020-05-13
https://www.unplug.style/spots/south-point-ilha-do-bazaruto,2020-05-13
http://www.unplug.style/spots/oscoda-beach-park-lake-huron,2020-05-13
http://www.unplug.style/spots/magnuson-park-lake-washington,2020-05-13
https://www.unplug.style/spots/montrose-beach-lake-michigan,2020-05-13
http://www.unplug.style/spots/shooting-gallery-fuerteventura,2020-05-13
http://www.unplug.style/spots/playa-salinas-cayo-las-brujas,2020-05-13
https://www.unplug.style/spots/herrschinger-kreuz-ammersee,2020-05-13
https://www.unplug.style/spots/kitesurf-balaton-lake-balaton,2020-05-13
https://www.unplug.style/spots/goodmans-bay-new-providence,2020-05-13
http://www.unplug.style/spots/marina-di-castagneto-carducci,2020-05-13
https://www.unplug.style/spots/easter-corner-geisum-island,2020-05-13
https://www.unplug.style/spots/chateauguay-lac-saint-louis,2020-05-13
https://www.unplug.style/spots/super-scaredy-cats-keho-lake,2020-05-13
http://www.unplug.style/spots/tulum-south-beach-dune-hotel,2020-05-13
https://www.unplug.style/spots/sant-antioco-south-sardinia,2020-05-13
https://www.unplug.style/spots/hide-out-north-geisum-island,2020-05-13
http://www.unplug.style/spots/thermalito-afterbay-after-bay,2020-05-13
http://www.unplug.style/spots/altenteil-fehmarn,2020-05-13
https://www.unplug.style/spots/playa-el-paso-cayo-guillermo,2020-05-13
https://www.unplug.style/spots/keast-park-port-phillip-bay,2020-05-13
http://www.unplug.style/spots/richardson-beach-lake-ontario,2020-05-13
https://www.unplug.style/spots/etang-de-lapalme,2020-05-13
https://www.unplug.style/spots/poppelvej-amager,2020-05-13
https://www.unplug.style/spots/g-rveln-maelaren,2020-05-12
http://www.unplug.style/spots/manerba-del-garda,2020-05-12
https://www.unplug.style/spots/michigan-city-lake-michigan,2020-05-12
https://www.unplug.style/spots/zalew-mietkowski,2020-05-12
https://www.unplug.style/spots/faludden-gotland,2020-05-12
https://www.unplug.style/spots/taling-ngam-beach-koh-samui,2020-05-12
http://www.unplug.style/spots/el-paraiso-san-andres-island,2020-05-12
https://www.unplug.style/spots/stafford-creek-beach-andros,2020-05-12
http://www.unplug.style/spots/river-woods-beach-club-zoute,2020-05-12
https://www.unplug.style/spots/east-beach-galveston-island,2020-05-12
http://www.unplug.style/spots/pointe-picard-lac-saint-jean,2020-05-12
https://www.unplug.style/spots/playa-de-mitjorn-formentera,2020-05-11
http://www.unplug.style/spots/unalaska-bay-unalaska-island,2020-05-11
http://www.unplug.style/spots/melia-buena-vista-east-beach,2020-05-11
http://www.unplug.style/spots/tayo,2020-05-11
https://www.unplug.style/spots/xiuying-beach-hainan-island,2020-05-11
http://www.unplug.style/spots/pelikan-beach-isla-margarita,2020-05-11
http://www.unplug.style/spots/old-federal-park-lake-lanier,2020-05-11
http://www.unplug.style/spots/playa-de-la-garita-lanzarote,2020-05-11
http://www.unplug.style/spots/saunders-beach-new-providence,2020-05-11
https://www.unplug.style/spots/marina-san-gemilano-sardinia,2020-05-11
http://www.unplug.style/spots/salmon-beach-lord-howe-island,2020-05-11
http://www.unplug.style/spots/playa-las-coloradas-cayo-coco,2020-05-11
https://www.unplug.style/spots/bialobrzegi-zalew-zegrzynski,2020-05-11
https://www.unplug.style/spots/lagoon-souk-el-ghebli-djerba,2020-05-11
http://www.unplug.style/spots/phares-des-baleines-ile-de-re,2020-05-11
http://www.unplug.style/spots/traigh-scuivall-isle-of-barra,2020-05-11
https://www.unplug.style/spots/varadero-marina-palace-beach,2020-05-11
https://www.unplug.style/spots/east-palm-beach-little-exuma,2020-05-11
https://www.unplug.style/spots/ebeys-landing-whidbey-island,2020-05-11
http://www.unplug.style/spots/anse-source-d-argent-la-digue,2020-05-11
https://www.unplug.style/spots/roches-noires-private-beach,2020-05-11
https://www.unplug.style/spots/coral-harbor-new-providence,2020-05-11
http://www.unplug.style/spots/leisure-island-knysna-lagoon,2020-05-11
http://www.unplug.style/spots/spot-do-berbig-o-rio-mondego,2020-05-11
http://www.unplug.style/spots/bloomington-park-lake-clinton,2020-05-11
https://www.unplug.style/spots/playa-copalde-bahia-salinas,2020-05-11
https://www.unplug.style/spots/morro-negrito-isla-ensenada,2020-05-11
http://www.unplug.style/spots/sheridan-beach-lake-michigan,2020-05-11
https://www.unplug.style/spots/kiru-spotas-bubiu-tvenkinys,2020-05-11
https://www.unplug.style/spots/tabsai-beach,2020-05-11
https://www.unplug.style/spots/shingle-street-river-outlet,2020-05-11
http://www.unplug.style/spots/runway-ledge-coetivy,2020-05-11
http://www.unplug.style/spots/sortebakker-ringkobing-fjord,2020-05-11
https://www.unplug.style/spots/rodanthe-oceanside-hatteras,2020-05-11
https://www.unplug.style/spots/torii-station-beach-okinawa,2020-05-11
https://www.unplug.style/spots/horse-shoe-cove-sandy-hook,2020-05-11
http://www.unplug.style/spots/shacks-cocos-keeling-islands,2020-05-10
http://www.unplug.style/spots/matas-blancas-fuerteventura,2020-05-10
https://www.unplug.style/spots/marina-delle-rose-sardinia,2020-05-10
http://www.unplug.style/spots/anders-beach-gustafson-spit,2020-05-10
http://www.unplug.style/spots/tigertail-park-marco-island,2020-05-10
http://www.unplug.style/spots/detwah-lagoon-socotra-island,2020-05-10
https://www.unplug.style/spots/clifton-harbor-union-island,2020-05-10
https://www.unplug.style/spots/edam-markermeer,2020-05-10
https://www.unplug.style/spots/canton-beach-tuggerah-lake,2020-05-10
https://www.unplug.style/spots/willapa-bay-columbia-river,2020-05-10
http://www.unplug.style/spots/pointe-d-en-tal-ile-d-houat,2020-05-10
https://www.unplug.style/spots/campo-rene-baja-california,2020-05-10
http://www.unplug.style/spots/playa-bocagrande,2020-05-10
http://www.unplug.style/spots/michaelsdorf-barther-bodden,2020-05-10
http://www.unplug.style/spots/cerf-island-and-long-island,2020-05-10
http://www.unplug.style/spots/pocano-ave-shrewsbury-river,2020-05-10
http://www.unplug.style/spots/bachelor-s-beach-boca-tabla,2020-05-10
http://www.unplug.style/schools/zeestockkitesurfing,2020-05-10
https://www.unplug.style/spots/groene-strand-terschelling,2020-05-10
https://www.unplug.style/spots/la-nautique-etang-de-bages,2020-05-10
https://www.unplug.style/spots/celilo-park-columbia-river,2020-05-10
https://www.unplug.style/spots/beacon-rock-columbia-river,2020-05-10
https://www.unplug.style/spots/estacada-nahuel-huapi-lake,2020-05-10
http://www.unplug.style/spots/the-hatchery-columbia-river,2020-05-10
https://www.unplug.style/spots/eastsound-san-juan-islands,2020-05-09
https://www.unplug.style/spots/north-point-ilha-de-luanda,2020-05-09
http://www.unplug.style/spots/berkeley-island-county-park,2020-05-09
https://www.unplug.style/spots/senasqua-park-hudson-river,2020-05-09
https://www.unplug.style/spots/sherwood-island-state-park,2020-05-09
https://www.unplug.style/spots/st-blaise-lac-de-neuchatel,2020-05-09
http://www.unplug.style/spots/rodanthe-soundside-hatteras,2020-05-09
https://www.unplug.style/spots/lake-nockamixon-state-park,2020-05-09
http://www.unplug.style/spots/rocky-cay-san-andres-island,2020-05-09
https://www.unplug.style/spots/courtney-campbell-causeway,2020-05-09
https://www.unplug.style/spots/caleta-de-sebo-la-graciosa,2020-05-09
https://www.unplug.style/spots/the-cut-house-little-exuma,2020-05-09
http://www.unplug.style/spots/la-saline-les-bains-reunion,2020-05-09
http://www.unplug.style/spots/spiaggia-duoglie,2020-05-09
https://www.unplug.style/spots/stagnone-sicily,2020-05-09
https://www.unplug.style/spots/february-point-great-exuma,2020-05-09
https://www.unplug.style/spots/sturgeon-bay-lake-michigan,2020-05-09
http://www.unplug.style/spots/planet-of-the-apes-hatteras,2020-05-09
http://www.unplug.style/spots/punta-delle-saline-sardinia,2020-05-09
https://www.unplug.style/spots/strandbjerggaard-sjaelland,2020-05-09
https://www.unplug.style/spots/rescue-beach,2020-05-09
https://www.unplug.style/spots/chepes-beach-isla-de-utila,2020-05-09
http://www.unplug.style/spots/secret-spot-ilha-do-guajiru,2020-05-09
https://www.unplug.style/spots/chalok-baan-kao-bay-ko-tao,2020-05-09
http://www.unplug.style/spots/schwarzhorn-scharmuetzelsee,2020-05-09
https://www.unplug.style/spots/bortola-lagoa-da-conceicao,2020-05-09
http://www.unplug.style/spots/bjerge-nordstrand-sjaelland,2020-05-09
http://www.unplug.style/spots/pointe-de-grignon-ile-de-re,2020-05-09
http://www.unplug.style/spots/memorial-beach-webster-lake,2020-05-09
https://www.unplug.style/spots/lido-plage-lac-du-bourget,2020-05-09
http://www.unplug.style/spots/playa-avellanas-rivermouth,2020-05-09
https://www.unplug.style/spots/conneaut-harbor-lake-erie,2020-05-09
http://www.unplug.style/spots/plage-des-prises-ile-de-re,2020-05-09
https://www.unplug.style/spots/coco-bay-green-turtle-cay,2020-05-09
https://www.unplug.style/spots/east-beach-harbour-island,2020-05-09
https://www.unplug.style/spots/chapala-laguna-de-chapala,2020-05-08
https://www.unplug.style/spots/quijano-beach-cuyo-island,2020-05-08
https://www.unplug.style/spots/langenargen-dlrg-bodensee,2020-05-08
https://www.unplug.style/spots/spiaggia-campana-sardinia,2020-05-08
http://www.unplug.style/spots/rotary-beach-okanagan-lake,2020-05-08
http://www.unplug.style/spots/bjerge-sydstrand-sjaelland,2020-05-08
http://www.unplug.style/spots/la-ventana-baja-california,2020-05-08
https://www.unplug.style/spots/margaret-river-main-break,2020-05-08
http://www.unplug.style/spots/mentor-headlands-lake-erie,2020-05-08
https://www.unplug.style/spots/cayo-el-muerto-los-roques,2020-05-08
https://www.unplug.style/spots/suva-lacala-bay-viti-levu,2020-05-08
https://www.unplug.style/spots/sagami-river-mouth-honshu,2020-05-08
https://www.unplug.style/spots/state-park-lake-wenatchee,2020-05-08
https://www.unplug.style/spots/sandbanks-provincial-park,2020-05-08
http://www.unplug.style/spots/sainte-marie-saint-raphael,2020-05-08
http://www.unplug.style/spots/kite-point-smithville-lake,2020-05-08
https://www.unplug.style/spots/kornwerderzand-ijsselmeer,2020-05-08
http://www.unplug.style/spots/winchester-bay-south-jetty,2020-05-08
http://www.unplug.style/spots/coffee-bay-point,2020-05-08
http://www.unplug.style/spots/downwind-beach-cuyo-island,2020-05-08
https://www.unplug.style/spots/takara-beach-efate-island,2020-05-08
https://www.unplug.style/spots/claouey-bassin-d-arcachon,2020-05-08
https://www.unplug.style/spots/granada-lago-de-nicaragua,2020-05-08
http://www.unplug.style/spots/mission-beach-lac-la-biche,2020-05-08
https://www.unplug.style/spots/crescent-beach-state-park,2020-05-08
https://www.unplug.style/spots/pass-christian-east-beach,2020-05-08
http://www.unplug.style/spots/point-betsie-lake-michigan,2020-05-08
https://www.unplug.style/spots/la-linea-de-la-concepcion,2020-05-08
http://www.unplug.style/spots/punta-blanca-fuerteventura,2020-05-08
http://www.unplug.style/spots/south-sandy-beach-utah-lake,2020-05-08
https://www.unplug.style/spots/castiglione-della-pescaia,2020-05-08
http://www.unplug.style/spots/porto-pollo-camping-corsica,2020-05-08
https://www.unplug.style/spots/baie-du-robert-martinique,2020-05-08
http://www.unplug.style/spots/navua-river-mouth-viti-levu,2020-05-08
https://www.unplug.style/spots/viganj-peninsula-peljesac,2020-05-08
http://www.unplug.style/spots/white-sand-beach-kho-chang,2020-05-08
https://www.unplug.style/spots/cherry-beach-lake-ontario,2020-05-08
http://www.unplug.style/spots/quartu-sant-elena-sardinia,2020-05-08
http://www.unplug.style/spots/nussdorf-surfclub-bodensee,2020-05-08
http://www.unplug.style/spots/mansion-beach-block-island,2020-05-08
http://www.unplug.style/spots/pferdebucht-neusiedler-see,2020-05-08
https://www.unplug.style/spots/feldafing-starnberger-see,2020-05-08
https://www.unplug.style/spots/misty-cliffs-south-africa,2020-05-08
https://www.unplug.style/spots/banana-island-philippines,2020-05-08
http://www.unplug.style/spots/fond-du-lac-lake-winnebago,2020-05-08
https://www.unplug.style/spots/saint-pabu-caroual-france,2020-05-08
http://www.unplug.style/spots/south-beach-new-providence,2020-05-08
http://www.unplug.style/spots/kite-point-barra-da-tijuca,2020-05-08
http://www.unplug.style/spots/la-restinga-isla-margarita,2020-05-08
http://www.unplug.style/spots/jandia-playa-fuerteventura,2020-05-08
http://www.unplug.style/spots/little-baja-columbia-river,2020-05-07
http://www.unplug.style/spots/araruama-lagoa-de-araruama,2020-05-07
http://www.unplug.style/spots/alabota,2020-05-07
https://www.unplug.style/spots/soundside-ocracoke-island,2020-05-07
http://www.unplug.style/spots/seapoint,2020-05-07
https://www.unplug.style/spots/south-shore-lake-michigan,2020-05-07
http://www.unplug.style/spots/stillinge-strand-sjaelland,2020-05-07
http://www.unplug.style/spots/boca-catalina-malmok-beach,2020-05-07
https://www.unplug.style/spots/hejsager-strand,2020-05-07
http://www.unplug.style/spots/motu-nono-tahiti,2020-05-07
https://www.unplug.style/spots/qi-kiteboarding,2020-05-07
https://www.unplug.style/spots/moewennest-sylt,2020-05-07
http://www.unplug.style/spots/petite-lameque-ile-lameque,2020-05-07
https://www.unplug.style/spots/colt-state-park,2020-05-07
https://www.unplug.style/spots/enoshima-honshu,2020-05-07
https://www.unplug.style/spots/daniel-s-headbf,2020-05-07
https://www.unplug.style/spots/cockerham-sands,2020-05-07
http://www.unplug.style/spots/punta-mosquito-isla-holbox,2020-05-07
https://www.unplug.style/spots/casino-beach-north-bimini,2020-05-07
http://www.unplug.style/schools/atlanticzin-watersports,2020-05-07
https://www.unplug.style/spots/playa-del-risco-lanzarote,2020-05-07
http://www.unplug.style/spots/south-end-honeymoon-island,2020-05-07
http://www.unplug.style/spots/miller-beach-lake-michigan,2020-05-07
http://www.unplug.style/spots/kite-point-alum-creek-lake,2020-05-07
https://www.unplug.style/spots/balneario-arroio-do-silva,2020-05-07
http://www.unplug.style/spots/mar-dos-macacos-intermares,2020-05-07
http://www.unplug.style/spots/playa-panama-bahia-culebra,2020-05-07
https://www.unplug.style/spots/bocabarranco-gran-canaria,2020-05-07
http://www.unplug.style/spots/pego,2020-05-07
https://www.unplug.style/spots/state-park-mustang-island,2020-05-07
https://www.unplug.style/spots/love-beach-new-providence,2020-05-07
https://www.unplug.style/spots/hanakao-o-beach-park-maui,2020-05-07
http://www.unplug.style/spots/rhosneigr-isle-of-anglesey,2020-05-07
https://www.unplug.style/spots/sandos-playacar,2020-05-07
https://www.unplug.style/spots/sebastian-inlet,2020-05-07
http://www.unplug.style/spots/praia-do-camboas,2020-05-07
https://www.unplug.style/spots/sodyba-durpes-rekyva-lake,2020-05-07
https://www.unplug.style/spots/la-ravine-blanche-reunion,2020-05-07
http://www.unplug.style/spots/stagno-di-mistras-sardinia,2020-05-07
https://www.unplug.style/spots/kite-beach-al-montaza-bay,2020-05-07
https://www.unplug.style/spots/marine-de-bravone-corsica,2020-05-07
http://www.unplug.style/spots/praia-do-guajiru-ilha-do-guajiru,2020-05-07
https://www.unplug.style/spots/compton-bay-isle-of-wight,2020-05-07
http://www.unplug.style/spots/porto-botte-north-sardinia,2020-05-07
http://www.unplug.style/spots/broome,2020-05-07
https://www.unplug.style/spots/fiesta-house-revere-beach,2020-05-07
https://www.unplug.style/spots/vong-duen-beach-kho-samet,2020-05-07
http://www.unplug.style/spots/turtle-tail-providenciales,2020-05-07
http://www.unplug.style/spots/franceville,2020-05-07
https://www.unplug.style/spots/torre-derribada,2020-05-07
http://www.unplug.style/spots/camsur-watersports-complex,2020-05-07
https://www.unplug.style/spots/stonehenge-columbia-river,2020-05-06
https://www.unplug.style/spots/hilton-long-beach-hurgada,2020-05-06
https://www.unplug.style/spots/vastergarns-hamn-gotland,2020-05-06
http://www.unplug.style/spots/orange-hill-new-providence,2020-05-06
https://www.unplug.style/spots/wierzbno-jezioro-miedwie,2020-05-06
http://www.unplug.style/spots/rhu-spit,2020-05-06
http://www.unplug.style/spots/anne-s-beach-matecumbe-key,2020-05-06
http://www.unplug.style/spots/sommersdorf-kummerower-see,2020-05-06
https://www.unplug.style/spots/la-perroche-ile-d-oleron,2020-05-06
http://www.unplug.style/spots/honokowai-beach-park-maui,2020-05-06
https://www.unplug.style/spots/giannella-foce-del-fiume,2020-05-06
https://www.unplug.style/spots/north-beach-north-bimini,2020-05-06
https://www.unplug.style/spots/the-yacht-club-mecox-bay,2020-05-06
https://www.unplug.style/spots/st-helens-point-tasmania,2020-05-06
https://www.unplug.style/spots/haulover-bay-great-exuma,2020-05-06
https://www.unplug.style/spots/habushiura-beach-niijima,2020-05-06
https://www.unplug.style/spots/banana-village-taghazout,2020-05-06
http://www.unplug.style/spots/newport-fort-rhode-island,2020-05-06
https://www.unplug.style/spots/castropol-ria-de-ribadeo,2020-05-06
http://www.unplug.style/spots/mushow-beach-nove-mlynyat,2020-05-06
https://www.unplug.style/spots/timmendorf-poel,2020-05-06
http://www.unplug.style/spots/pallaranda-beach,2020-05-06
http://www.unplug.style/spots/ray-roberts-lake,2020-05-06
https://www.unplug.style/spots/skalasand-faroe,2020-05-06
http://www.unplug.style/spots/west-kite-beach-keho-lake,2020-05-06
http://www.unplug.style/spots/oceanside-ocracoke-island,2020-05-06
https://www.unplug.style/spots/stagno-di-cirdu-sardinia,2020-05-06
https://www.unplug.style/spots/gilgo-jones-beach-island,2020-05-06
http://www.unplug.style/spots/traigh-eais-isle-of-barra,2020-05-06
https://www.unplug.style/spots/jabberwock-beach-antigua,2020-05-06
http://www.unplug.style/spots/friendly-beaches-tasmania,2020-05-06
http://www.unplug.style/spots/tenryu-river-mouth-honshu,2020-05-06
https://www.unplug.style/spots/lambeau-kitebeach-tobago,2020-05-06
http://www.unplug.style/spots/plage-de-padulone-corsica,2020-05-06
https://www.unplug.style/spots/burger-binnensee-fehmarn,2020-05-06
https://www.unplug.style/spots/la-pinta-baja-california,2020-05-06
http://www.unplug.style/spots/anse-aux-pins-mahe-island,2020-05-06
http://www.unplug.style/spots/main-house-d-arros-island,2020-05-06
https://www.unplug.style/spots/schilksee-olympiazentrum,2020-05-06
http://www.unplug.style/spots/pacific-harbour-viti-levu,2020-05-06
https://www.unplug.style/spots/sainte-restitude-corsica,2020-05-05
https://www.unplug.style/spots/varzinha-lagoa-dos-patos,2020-05-05
http://www.unplug.style/spots/fuhlendorf-barther-bodden,2020-05-05
https://www.unplug.style/spots/bhibah-biba,2020-05-05
https://www.unplug.style/spots/dakhla-camp,2020-05-05
https://www.unplug.style/spots/cline-spit-dungeness-spit,2020-05-05
http://www.unplug.style/spots/sanguinet-lac-de-sanguinet,2020-05-05
https://www.unplug.style/spots/graveyards,2020-05-05
https://www.unplug.style/spots/hiti-mahina-beach-tahiti,2020-05-05
https://www.unplug.style/spots/tulup-magic-beach-resort,2020-05-05
http://www.unplug.style/spots/civil-aviation-kite-beach,2020-05-05
http://www.unplug.style/spots/rak,2020-05-05
http://www.unplug.style/spots/west-aan-zee-terschelling,2020-05-05
http://www.unplug.style/spots/escuela-de-vela-mar-menor,2020-05-05
https://www.unplug.style/spots/south-beach-south-bimini,2020-05-05
http://www.unplug.style/spots/ega,2020-05-05
https://www.unplug.style/spots/la-estrella-gran-canaria,2020-05-05
http://www.unplug.style/spots/aitutaki-honeymoon-island,2020-05-05
https://www.unplug.style/spots/les-gouillauds-ile-de-re,2020-05-05
https://www.unplug.style/spots/olbrich-park-lake-monona,2020-05-05
http://www.unplug.style/spots/jagged-knife-reef-coetivy,2020-05-05
https://www.unplug.style/spots/emerald-isle-salter-path,2020-05-05
https://www.unplug.style/spots/half-moon-bay-kite-beach,2020-05-05
https://www.unplug.style/schools/atlanticzin-watersports,2020-05-05
https://www.unplug.style/spots/ilhazinha,2020-05-05
https://www.unplug.style/spots/san-leone,2020-05-05
http://www.unplug.style/spots/bita-bay-green-turtle-cay,2020-05-05
https://www.unplug.style/spots/wu-ji-jou-hainan-island,2020-05-05
http://www.unplug.style/spots/long-beach-turtle-island,2020-05-05
http://www.unplug.style/spots/sandy-point-little-cayman,2020-05-05
http://www.unplug.style/spots/l-hospitalet-de-l-infant,2020-05-05
https://www.unplug.style/spots/desembocadura-rio-maipo,2020-05-05
https://www.unplug.style/spots/la-barra-de-sontecomapan,2020-05-05
http://www.unplug.style/spots/reschensee-lago-di-resia,2020-05-05
https://www.unplug.style/spots/costa-nova-ria-de-aveiro,2020-05-05
https://www.unplug.style/spots/epao-efate,2020-05-05
https://www.unplug.style/spots/jetty-south-padre-island,2020-05-05
https://www.unplug.style/spots/fishing-beach-sandy-hook,2020-05-05
https://www.unplug.style/spots/pruchten-barther-bodden,2020-05-05
https://www.unplug.style/spots/presque-isle-state-park,2020-05-05
http://www.unplug.style/spots/rosarito-baja-california,2020-05-05
https://www.unplug.style/spots/stinkies-enchanted-cove,2020-05-05
http://www.unplug.style/spots/sai-kaew-beach-kho-samet,2020-05-05
http://www.unplug.style/spots/madaket-nantucket-island,2020-05-05
http://www.unplug.style/spots/roosevelt-columbia-river,2020-05-05
http://www.unplug.style/spots/san-pedro-ambergris-caye,2020-05-05
http://www.unplug.style/spots/bajito-great-harbour-cay,2020-05-05
https://www.unplug.style/spots/hamburg-beach-lake-erie,2020-05-05
https://www.unplug.style/spots/long-bay-providenciales,2020-05-05
https://www.unplug.style/spots/yaverland-isle-of-wight,2020-05-05
http://www.unplug.style/spots/saint-georges-de-didonne,2020-05-04
http://www.unplug.style/spots/east-beach-vatersay,2020-05-04
https://www.unplug.style/spots/dos-mosquises-los-roques,2020-05-04
https://www.unplug.style/spots/nine-mile-beach-tasmania,2020-05-04
https://www.unplug.style/spots/folly-beach-folly-island,2020-05-04
https://www.unplug.style/spots/callala-beach-jervis-bay,2020-05-04
https://www.unplug.style/spots/lung-dam-beach-kho-samet,2020-05-04
http://www.unplug.style/spots/langnes,2020-05-04
https://www.unplug.style/spots/cox-bay-vancouver-island,2020-05-04
https://www.unplug.style/spots/landerslev,2020-05-04
https://www.unplug.style/spots/anneville-sur-mer-france,2020-05-04
https://www.unplug.style/spots/waves-oceanside-hatteras,2020-05-04
https://www.unplug.style/spots/perna-peninsula-peljesac,2020-05-04
https://www.unplug.style/spots/gotthun-nitschow-mueritz,2020-05-04
http://www.unplug.style/spots/la-carmela-isla-margarita,2020-05-04
http://www.unplug.style/spots/flashpoint-beach-tenerife,2020-05-04
https://www.unplug.style/spots/mahferhin-socotra-island,2020-05-04
http://www.unplug.style/spots/rock-ledge-grapevine-lake,2020-05-04
http://www.unplug.style/spots/kitebeach-ellenbogen-sylt,2020-05-04
https://www.unplug.style/spots/ras-al-ya-masirah-island,2020-05-04
http://www.unplug.style/spots/tsawwassen-ferry-terminal,2020-05-04
https://www.unplug.style/spots/laranjal-lagoa-dos-patos,2020-05-04
http://www.unplug.style/spots/seebad-fischbach-bodensee,2020-05-04
https://www.unplug.style/spots/marina-di-sorso-sardinia,2020-05-04
https://www.unplug.style/spots/sutton-north-bull-island,2020-05-04
https://www.unplug.style/spots/white-sands-buffalo-lake,2020-05-04
http://www.unplug.style/spots/saint-gilles-croix-de-vie,2020-05-04
http://www.unplug.style/spots/fairport-harbor-lake-erie,2020-05-04
http://www.unplug.style/spots/second-beach-rhode-island,2020-05-04
https://www.unplug.style/spots/playa-ca-mari-formentera,2020-05-04
https://www.unplug.style/spots/kitebeach-isla-margarita,2020-05-04
http://www.unplug.style/spots/pointe-du-lizay-ile-de-re,2020-05-04
https://www.unplug.style/spots/kallhallsbadet-maelaren,2020-05-04
https://www.unplug.style/spots/sauble-beach-lake-huron,2020-05-04
https://www.unplug.style/spots/el-yaque-isla-margarita,2020-05-04
http://www.unplug.style/spots/yalong-bay-hainan-island,2020-05-04
https://www.unplug.style/spots/ferry-dock-south-bimini,2020-05-04
https://www.unplug.style/spots/kite-beach-puerto-plata,2020-05-04
https://www.unplug.style/spots/spiaggia-lunga,2020-05-04
http://www.unplug.style/spots/arubinha-araruama-lagoon,2020-05-04
http://www.unplug.style/spots/ponta-das-canas-ilhabela,2020-05-04
http://www.unplug.style/spots/cabo-catoche-isla-holbox,2020-05-04
http://www.unplug.style/spots/traigh-mor-isle-of-barra,2020-05-04
http://www.unplug.style/spots/westermakelsdorf-fehmarn,2020-05-04
https://www.unplug.style/spots/st-brandon,2020-05-04
https://www.unplug.style/spots/johns-folly-bay-st-john,2020-05-04
https://www.unplug.style/spots/mae-nam-beach-koh-samui,2020-05-04
http://www.unplug.style/spots/la-mine-etang-de-leucate,2020-05-04
https://www.unplug.style/spots/cayo-de-agua-los-roques,2020-05-03
http://www.unplug.style/spots/zwergerlinsel-walchensee,2020-05-03
http://www.unplug.style/spots/ao-kiew-na-nok-kho-samet,2020-05-03
http://www.unplug.style/spots/boyardville-ile-d-oleron,2020-05-03
https://www.unplug.style/spots/kettle-point-lake-huron,2020-05-03
http://www.unplug.style/spots/east-kite-beach-keho-lake,2020-05-03
https://www.unplug.style/spots/bonnerup-strand-denmark,2020-05-03
https://www.unplug.style/spots/puamana-beach-park-maui,2020-05-03
https://www.unplug.style/spots/lake-tekapo-new-zealand,2020-05-03
http://www.unplug.style/spots/boca-chica-brazos-island,2020-05-03
http://www.unplug.style/spots/oak-grove-grapevine-lake,2020-05-03
http://www.unplug.style/spots/north-beach-south-bimini,2020-05-03
https://www.unplug.style/spots/lome-beach,2020-05-03
https://www.unplug.style/spots/keel-beach-achill-island,2020-05-03
https://www.unplug.style/spots/las-burras-gran-canaria,2020-05-03
https://www.unplug.style/spots/gotland-ireviken-sweden,2020-05-03
http://www.unplug.style/spots/pambula-beach-rivermouth,2020-05-03
http://www.unplug.style/spots/bear-creek-harrison-lake,2020-05-03
https://www.unplug.style/spots/strand-nulde-wolderwijd,2020-05-03
https://www.unplug.style/spots/flag-beach-fuerteventura,2020-05-03
https://www.unplug.style/spots/sandy-beaches-keho-lake,2020-05-03
http://www.unplug.style/spots/hobe-sound-jupiter-island,2020-05-03
http://www.unplug.style/spots/papalaua-beach-park-maui,2020-05-03
https://www.unplug.style/spots/hammamet-yasmin-tunisia,2020-05-03
https://www.unplug.style/spots/south-point,2020-05-03
https://www.unplug.style/spots/le-verdon-sur-mer-ocean,2020-05-03
https://www.unplug.style/spots/theologos-wave-beach-kos,2020-05-03
http://www.unplug.style/spots/rosebud-port-phillip-bay,2020-05-03
https://www.unplug.style/spots/dalrock-lake-ray-hubbard,2020-05-03
https://www.unplug.style/spots/grossenbrode-suedstrand,2020-05-03
https://www.unplug.style/spots/nizza-di-sicilia-sicily,2020-05-03
http://www.unplug.style/spots/wahikuli-beach-park-maui,2020-05-03
https://www.unplug.style/spots/polk-street-tybee-island,2020-05-03
https://www.unplug.style/spots/godfreys-beach-tasmania,2020-05-03
http://www.unplug.style/brands/,2020-05-03
https://www.unplug.style/spots/pantai-loedi-rote-island,2020-05-03
https://www.unplug.style/spots/mom-choisy,2020-05-03
https://www.unplug.style/spots/grand-anse,2020-05-03
http://www.unplug.style/spots/santa-margherita-di-pula,2020-05-03
https://www.unplug.style/spots/morskoye-kurshskaya-kosa,2020-05-03
https://www.unplug.style/spots/causeway-bridge-stuart-s,2020-05-03
https://www.unplug.style/spots/keel-lake-achill-island,2020-05-03
https://www.unplug.style/spots/channel-la-santa-lagoon,2020-05-03
http://www.unplug.style/spots/stevenson-columbia-river,2020-05-03
https://www.unplug.style/spots/skoljic-bay-rt-kamenjak,2020-05-03
https://www.unplug.style/spots/the-bath-house-hatteras,2020-05-03
https://www.unplug.style/spots/klagshamn-windsurf-club,2020-05-03
https://www.unplug.style/spots/tahaiti-beach-elbow-cay,2020-05-03
http://www.unplug.style/spots/rocky-point-isla-de-utila,2020-05-03
http://www.unplug.style/spots/oceanside-stocking-island,2020-05-03
https://www.unplug.style/spots/enam-efate,2020-05-03
http://www.unplug.style/spots/folsom-point-folsom-lake,2020-05-03
https://www.unplug.style/spots/waiehee-beach-park-maui,2020-05-03
https://www.unplug.style/spots/anse-bourgainville-mahe,2020-05-03
https://www.unplug.style/spots/fahrland-fahrlander-see,2020-05-03
https://www.unplug.style/spots/rarotongan-beach-resort,2020-05-03
https://www.unplug.style/spots/williams-fork-reservoir,2020-05-03
http://www.unplug.style/spots/punta-delgada-la-tortuga,2020-05-03
http://www.unplug.style/spots/pointe-saint-gilles-east,2020-05-03
https://www.unplug.style/spots/el-zapillo,2020-05-03
http://www.unplug.style/spots/jetties-nantucket-island,2020-05-03
http://www.unplug.style/spots/ile-tintamare-st-maarten,2020-05-03
http://www.unplug.style/spots/open-doors-isla-natividad,2020-05-03
https://www.unplug.style/spots/lucas-point-wilson-lake,2020-05-03
https://www.unplug.style/spots/southwick-beach-lake-ontario,2020-05-03
https://www.unplug.style/spots/emerald-bay-great-exuma,2020-05-03
https://www.unplug.style/spots/urhoj-camping-sjaelland,2020-05-03
https://www.unplug.style/spots/mullerup-havn-sjaelland,2020-05-03
https://www.unplug.style/spots/ft-lauderdale-kitebeach,2020-05-03
http://www.unplug.style/spots/st-kilda-port-phillip-bay,2020-05-03
https://www.unplug.style/spots/aitutaki-one-foot-island,2020-05-03
https://www.unplug.style/spots/bellbuoy-beach-tasmania,2020-05-03
http://www.unplug.style/spots/villaggio-dei-pescatori,2020-05-03
http://www.unplug.style/spots/rock-creek-columbia-river,2020-05-03
https://www.unplug.style/spots/airstrip-ocracoke-island,2020-05-03
http://www.unplug.style/spots/mejillones-fuerteventura,2020-05-03
https://www.unplug.style/spots/bat-galim,2020-05-03
http://www.unplug.style/spots/ukumehame-beach-park-maui,2020-05-03
http://www.unplug.style/spots/old-pier-baja-california,2020-05-03
https://www.unplug.style/spots/playa-las-salinas-ibiza,2020-05-03
https://www.unplug.style/spots/crocodile-rock,2020-05-03
http://www.unplug.style/spots/ilha-da-culatra,2020-05-03
http://www.unplug.style/spots/portland-habour,2020-05-03
https://www.unplug.style/spots/hillsdale-lake,2020-05-03
https://www.unplug.style/spots/the-loch-tiree,2020-05-03
https://www.unplug.style/spots/funtana-meiga-sardinia,2020-05-02
https://www.unplug.style/spots/maslovka-voronezh-river,2020-05-02
https://www.unplug.style/spots/hatteras-inlet-hatteras,2020-05-02
http://www.unplug.style/spots/pojatte-lago-santa-croce,2020-05-02
http://www.unplug.style/spots/cold-spring-hudson-river,2020-05-02
https://www.unplug.style/spots/the-settlement-anegada,2020-05-02
https://www.unplug.style/spots/golfo-di-sogno-corsica,2020-05-02
http://www.unplug.style/spots/port-weller-lake-ontario,2020-05-02
http://www.unplug.style/spots/allmannsdorf-brombachsee,2020-05-02
http://www.unplug.style/spots/kite-park-ile-de-lameque,2020-05-02
https://www.unplug.style/spots/keystone-whidbey-island,2020-05-02
https://www.unplug.style/spots/french-bay,2020-05-02
https://www.unplug.style/spots/north-beach-fort-desoto,2020-05-02
https://www.unplug.style/spots/kouremenos-beach-crete,2020-05-02
https://www.unplug.style/spots/moorea-beach-club-moorea,2020-05-02
http://www.unplug.style/spots/gross-banzelvitz-ruegen,2020-05-02
https://www.unplug.style/spots/bteha,2020-05-02
https://www.unplug.style/spots/plage-des-dunes-corsica,2020-05-02
http://www.unplug.style/spots/praia-de-peniche-de-cima,2020-05-02
https://www.unplug.style/spots/l-ile-de-kerner,2020-05-02
http://www.unplug.style/spots/salins-de-giraud,2020-05-02
https://www.unplug.style/spots/the-reef-rv-and-camping,2020-05-02
http://www.unplug.style/spots/lakeview-grapevine-lake,2020-05-02
https://www.unplug.style/spots/the-hook-columbia-river,2020-05-02
https://www.unplug.style/spots/st-carles-de-la-rapita,2020-05-02
https://www.unplug.style/spots/propri-rio-s-o-francisco,2020-05-02
http://www.unplug.style/spots/waves-soundside-hatteras,2020-05-02
http://www.unplug.style/spots/platamona-lido-sardinia,2020-05-02
https://www.unplug.style/spots/olowalu-beach-park-maui,2020-05-02
https://www.unplug.style/spots/araruna-ilha-de-marajo,2020-05-02
http://www.unplug.style/spots/eoropaidh-isle-of-lewis,2020-05-02
https://www.unplug.style/spots/cachoeira-do-bom-jesus,2020-05-02
https://www.unplug.style/spots/fluegger-strand-fehmarn,2020-05-02
http://www.unplug.style/spots/blue-flag-beach-long-key,2020-05-02
https://www.unplug.style/spots/espraiado,2020-05-02
https://www.unplug.style/spots/east-beach-fort-desoto,2020-05-02
https://www.unplug.style/spots/third-turnout-hatteras,2020-05-02
http://www.unplug.style/spots/sotavento-fuerteventura,2020-05-02
https://www.unplug.style/spots/cananeia-ilha-comprida,2020-05-02
https://www.unplug.style/spots/nw-spot-grootdraai-dam,2020-05-02
https://www.unplug.style/spots/granite-bay-folsom-lake,2020-05-02
http://www.unplug.style/spots/the-sandbar-stiltsville,2020-05-02
https://www.unplug.style/spots/cala-pischina-sardinia,2020-05-02
https://www.unplug.style/spots/playas-del-este-guanabo,2020-05-02
https://www.unplug.style/spots/puerto-de-gueimar-tenerife,2020-05-02
http://www.unplug.style/spots/majanicho-fuerteventura,2020-05-02
https://www.unplug.style/spots/crawdad-cove-lake-mead,2020-05-02
https://www.unplug.style/spots/kiryat-yam,2020-05-02
https://www.unplug.style/spots/tumon-bay,2020-05-02
http://www.unplug.style/spots/qalansiya-socotra-island,2020-05-02
https://www.unplug.style/spots/l-vsta-maelaren,2020-05-02
https://www.unplug.style/spots/abu-soma-riders,2020-05-02
http://www.unplug.style/spots/carrigart-lagoon,2020-05-02
http://www.unplug.style/spots/nonnewitz-ruegen,2020-05-02
https://www.unplug.style/spots/el-bluff8b,2020-05-02
http://www.unplug.style/spots/sete-cidades-sao-miguel,2020-05-02
https://www.unplug.style/spots/maghlah-masirah-island,2020-05-02
https://www.unplug.style/spots/white-sound-elbow-cay,2020-05-02
http://www.unplug.style/spots/washington-irving-south,2020-05-02
http://www.unplug.style/spots/plaine-de-macon-la-saone,2020-05-02
https://www.unplug.style/spots/le-diamant,2020-05-02
https://www.unplug.style/spots/ecoplaya-bahia-salinas,2020-05-02
https://www.unplug.style/spots/west-dennis-beach,2020-05-02
https://www.unplug.style/spots/vieux-boucau-les-bains,2020-05-02
https://www.unplug.style/spots/monte-verde-sao-miguel,2020-05-02
https://www.unplug.style/spots/les-huttes-ile-d-oleron,2020-05-02
https://www.unplug.style/spots/jeep-beach,2020-05-02
http://www.unplug.style/spots/plage-de-pineto-corsica,2020-05-02
https://www.unplug.style/spots/sun-island,2020-05-02
http://www.unplug.style/spots/clearwater-beach-island,2020-05-02
http://www.unplug.style/spots/urangan-pier-hervey-bay,2020-05-02
http://www.unplug.style/spots/papaturro-bahia-salinas,2020-05-02
https://www.unplug.style/spots/buxton-hotels-hatteras,2020-05-02
https://www.unplug.style/spots/coco-verde-cuyo-island,2020-05-02
http://www.unplug.style/spots/roque-bluffs-state-park,2020-05-02
http://www.unplug.style/spots/kraekudden-stora-vaertan,2020-05-02
https://www.unplug.style/spots/kahkabila,2020-05-02
https://www.unplug.style/spots/lissadell,2020-05-02
https://www.unplug.style/spots/kitebeach-serre-poncon,2020-05-02
http://www.unplug.style/spots/runaway-bay-great-exuma,2020-05-02
http://www.unplug.style/spots/pieskow-scharmuetzelsee,2020-05-02
https://www.unplug.style/spots/diva-beach,2020-05-02
https://www.unplug.style/spots/sinyang-beach-cheju-do,2020-05-02
http://www.unplug.style/spots/centre-nautique-corsica,2020-05-02
https://www.unplug.style/spots/sydvest-pynten-amager,2020-05-02
https://www.unplug.style/spots/silver-sands-beach-club,2020-05-02
https://www.unplug.style/spots/marina-di-pescia-romana,2020-05-01
http://www.unplug.style/spots/tenny-park-lake-mendota,2020-05-01
http://www.unplug.style/spots/la-pared-isla-margarita,2020-05-01
http://www.unplug.style/spots/che-shale,2020-05-01
http://www.unplug.style/spots/surf-kamp-lake-caliraya,2020-05-01
http://www.unplug.style/spots/castelletto-di-brenzone,2020-05-01
http://www.unplug.style/spots/brasilien-mittelstrand,2020-05-01
https://www.unplug.style/spots/tahiti-maraa-french-polynesia,2020-05-01
https://www.unplug.style/spots/buffalo-bill-reservoir,2020-05-01
http://www.unplug.style/spots/barra-de-pernambuquinho,2020-05-01
https://www.unplug.style/spots/gleneden-beach,2020-05-01
https://www.unplug.style/spots/bennett-beach-lake-erie,2020-05-01
https://www.unplug.style/spots/klein-bonaire-bonaire,2020-05-01
http://www.unplug.style/spots/maldormir-etang-de-thau,2020-05-01
http://www.unplug.style/spots/dollymount-bull-island,2020-05-01
https://www.unplug.style/spots/linden-beach-lake-erie,2020-05-01
https://www.unplug.style/spots/zwergerlinsel-walchensee,2020-05-01
https://www.unplug.style/spots/jason-bay,2020-05-01
http://www.unplug.style/spots/kikugawa-estuary-honshu,2020-05-01
https://www.unplug.style/spots/guardamar,2020-05-01
https://www.unplug.style/spots/praia-do-quartel-brazil,2020-05-01
https://www.unplug.style/spots/eustacia-island-beach,2020-05-01
http://www.unplug.style/destinations/cagliari,2020-05-01
https://www.unplug.style/spots/bakers-beach-tasmania,2020-05-01
http://www.unplug.style/spots/reddy-creek-mille-lacs,2020-05-01
https://www.unplug.style/spots/weiher-vilstalstausee,2020-05-01
https://www.unplug.style/spots/matapeake-kent-island,2020-05-01
http://www.unplug.style/spots/humberston-speed-strip,2020-05-01
http://www.unplug.style/spots/le-douhet-ile-d-oleron,2020-05-01
https://www.unplug.style/spots/bayside-park-j-street,2020-05-01
http://www.unplug.style/spots/oesterdam-oosterschelde,2020-05-01
http://www.unplug.style/spots/lido-kitebeach,2020-05-01
http://www.unplug.style/spots/sandbar-ambergris-caye,2020-05-01
https://www.unplug.style/spots/tiger-reef,2020-05-01
http://www.unplug.style/spots/playa-d-en-bossa-ibiza,2020-05-01
http://www.unplug.style/spots/mole-saint-nicolas,2020-05-01
http://www.unplug.style/spots/fort-stevens-oceanside,2020-05-01
https://www.unplug.style/spots/khao-takiab-bay-beach,2020-05-01
https://www.unplug.style/spots/fishermen-s-hut,2020-05-01
https://www.unplug.style/spots/laulasmaa,2020-05-01
https://www.unplug.style/spots/smith-bay,2020-05-01
http://www.unplug.style/spots/curim,2020-05-01
https://www.unplug.style/spots/montones-puerto-rico,2020-05-01
http://www.unplug.style/spots/la-mondree,2020-05-01
https://www.unplug.style/spots/maui-kaanapali-point-hawaii-usa,2020-05-01
http://www.unplug.style/spots/marsdiep,2020-04-30
https://www.unplug.style/spots/candolim-beach-india,2020-04-30
https://www.unplug.style/spots/budayia-beach-bahrain,2020-04-30
https://www.unplug.style/spots/pantai-balok-malaysia,2020-04-30
https://www.unplug.style/spots/roquetas-de-mar-spain,2020-04-30
http://www.unplug.style/spots/anegada,2020-04-30
https://www.unplug.style/spots/monkey-mia-australia,2020-04-30
https://www.unplug.style/spots/lake-clinton-state-park-marina-kansas-usa,2020-04-30
https://www.unplug.style/spots/belle-mare,2020-04-30
https://www.unplug.style/spots/honshu-omaezaki-japan,2020-04-30
https://www.unplug.style/spots/cambrils,2020-04-30
https://www.unplug.style/spots/ocracoke-island-oceanside-north-carolina-usa,2020-04-30
https://www.unplug.style/spots/broad-haven-wales-uk,2020-04-30
https://www.unplug.style/spots/cape-st-francis-south-africa,2020-04-30
https://www.unplug.style/spots/fuerteventura-sotavento-canary-islands,2020-04-30
https://www.unplug.style/spots/praia-da-barra-mozambique,2020-04-30
https://www.unplug.style/spots/grand-cul-de-sac-saint-barthelemy,2020-04-30
https://www.unplug.style/spots/great-harbour-cay-sugar-beach-bahamas,2020-04-30
https://www.unplug.style/spots/hatteras-cape-point-north-carolina-usa,2020-04-30
https://www.unplug.style/spots/hanstholm-fish-factory-denmark,2020-04-30
https://www.unplug.style/spots/jezioro-tarnobrzeskie-poland,2020-04-30
https://www.unplug.style/spots/lagoa-de-taiba,2020-04-30
https://www.unplug.style/spots/clear-lake-south-shore-access-iowa-usa,2020-04-30
https://www.unplug.style/spots/moolack-oregon-usa,2020-04-30
https://www.unplug.style/spots/ria-de-ribadeo-castropol-spain,2020-04-30
https://www.unplug.style/spots/al-ruwais-united-arab-emirates,2020-04-30
https://www.unplug.style/spots/lake-lewisville-lake-dallas-park-texas-usa,2020-04-30
https://www.unplug.style/spots/columbia-river-the-bridge-washington-usa,2020-04-30
https://www.unplug.style/spots/rio-sao-francisco-propria-brazil,2020-04-30
https://www.unplug.style/spots/golden-gardens-washington-usa,2020-04-30
https://www.unplug.style/spots/sicily-lido-signorino-italy,2020-04-30
https://www.unplug.style/spots/dadaepo-beach-south-korea,2020-04-30
https://www.unplug.style/spots/coco-plum-beach-florida-usa,2020-04-30
https://www.unplug.style/spots/maui-olowalu-beach-park-hawaii-usa,2020-04-30
https://www.unplug.style/spots/full-moon,2020-04-30
https://www.unplug.style/spots/isla-holbox-punta-mosquito-mexico,2020-04-30
https://www.unplug.style/spots/paros-new-golden-beach-greece,2020-04-30
https://www.unplug.style/spots/socotra-island-qadab-yemen,2020-04-30
http://www.unplug.style/spots/fishermen-s-hut,2020-04-30
https://www.unplug.style/spots/djerba-smile-beach-tunisia,2020-04-30
https://www.unplug.style/spots/gandy-bridge-beach-florida-usa,2020-04-30
https://www.unplug.style/spots/long-island-lido-beach-oceanside-new-york-usa,2020-04-30
https://www.unplug.style/spots/fifth-avenue-beach-florida-usa,2020-04-30
https://www.unplug.style/spots/fort-stevens-riverside-oregon-usa,2020-04-30
https://www.unplug.style/spots/ponce-inlet-florida-usa,2020-04-30
https://www.unplug.style/spots/long-beach-island-surf-city-new-jersey-usa,2020-04-30
https://www.unplug.style/spots/towra-point,2020-04-30
https://www.unplug.style/spots/canouan-windward-lagoon-saint-vincent-and-the-grenadines,2020-04-29
https://www.unplug.style/spots/la-digue-anse-source-d-argent-seychelles,2020-04-29
https://www.unplug.style/areas/all,2020-04-29
https://www.unplug.style/spots/omaha,2020-04-29
https://www.unplug.style/spots/peloponnese-nea-kios-greece,2020-04-29
http://www.unplug.style/spots/cancun-main-beach,2020-04-29
https://www.unplug.style/spots/le-fort-bloque,2020-04-29
https://www.unplug.style/areas/latin-america,2020-04-29
https://www.unplug.style/spots/coroa-vermelha,2020-04-29
https://www.unplug.style/spots/la-coudouliere,2020-04-29
https://www.unplug.style/spots/west-wittering,2020-04-29
http://www.unplug.style/spots/playon-de-bayas,2020-04-29
http://www.unplug.style/spots/la-pointe-faula,2020-04-29
https://www.unplug.style/spots/es-pinet-ibiza,2020-04-28
https://www.unplug.style/spots/hardings-beach,2020-04-28
http://www.unplug.style/spots/student-s-beach,2020-04-28
http://www.unplug.style/spots/cartagena-jetty,2020-04-28
http://www.unplug.style/spots/playa-de-riells,2020-04-28
https://www.unplug.style/spots/saint-colomban,2020-04-28
http://www.unplug.style/spots/maharepa-moorea,2020-04-28
https://www.unplug.style/spots/lozari-corsica,2020-04-28
http://www.unplug.style/spots/porto-das-dunas,2020-04-28
http://www.unplug.style/schools/kitesurf-school-sicily,2020-04-28
http://www.unplug.style/spots/puttalam-lagoon,2020-04-28
https://www.unplug.style/spots/the-kite-house,2020-04-28
http://www.unplug.style/spots/playa-el-dosser,2020-04-28
http://www.unplug.style/spots/jays-beach-capt,2020-04-28
http://www.unplug.style/spots/playa-a-ladeira,2020-04-28
https://www.unplug.style/spots/mangsang-beach,2020-04-28
https://www.unplug.style/spots/halfmoon-baydb,2020-04-28
https://www.unplug.style/spots/karlsminde-germany,2020-04-20
https://www.unplug.style/spots/platin-rouge,2020-03-20
https://www.unplug.style/spots/turtle-islands,2020-03-20
https://www.unplug.style/spots/gengorka,2020-03-20
https://www.unplug.style/spots/mulranny,2020-03-20
https://www.unplug.style/spots/jumunjin,2020-03-19
https://www.unplug.style/spots/klitm-ller,2020-03-19
https://www.unplug.style/spots/kuta-bali,2020-03-19
https://www.unplug.style/spots/franceville,2020-03-18
https://www.unplug.style/spots/deca-plage,2020-03-18
https://www.unplug.style/spots/kaseberga,2020-03-18
https://www.unplug.style/spots/carelmapu,2020-03-18
https://www.unplug.style/spots/seacliff,2020-03-18
https://www.unplug.style/spots/borac-ia,2020-03-18
https://www.unplug.style/spots/kujukuri,2020-03-17
https://www.unplug.style/spots/delfzijl,2020-03-17
https://www.unplug.style/spots/kessenich,2020-03-16
https://www.unplug.style/spots/mikonkari,2020-03-16
https://www.unplug.style/spots/seapoint,2020-03-16
https://www.unplug.style/spots/taguinza,2020-03-16
https://www.unplug.style/spots/ravlunda,2020-03-15
https://www.unplug.style/spots/rhu-spit,2020-03-15
https://www.unplug.style/spots/aqualand,2020-03-15
https://www.unplug.style/spots/squid-s-ink72-lake-macquarie,2020-03-15
https://www.unplug.style/spots/rak-beach,2020-03-14
https://www.unplug.style/spots/la-sarga,2020-03-14
https://www.unplug.style/spots/slufter-bay99,2020-03-14
https://www.unplug.style/spots/big-d-s-great-exuma,2020-03-13
https://www.unplug.style/spots/hakampo,2020-03-13
https://www.unplug.style/spots/songbo,2020-03-12
https://www.unplug.style/spots/khe-ga,2020-03-12
https://www.unplug.style/spots/brevik,2020-03-12
https://www.unplug.style/spots/marsdiep,2020-03-12
https://www.unplug.style/spots/estanza,2020-03-12
https://www.unplug.style/spots/bouznika,2020-03-12
https://www.unplug.style/spots/mecufi,2020-03-12
https://www.unplug.style/spots/llico,2020-03-11
https://www.unplug.style/spots/dahme,2020-03-11
https://www.unplug.style/spots/alabota,2020-03-11
https://www.unplug.style/spots/sumner-point-rum-cay,2020-03-10
https://www.unplug.style/spots/seaford,2020-03-10
https://www.unplug.style/spots/canet-plage,2020-03-10
https://www.unplug.style/spots/wolin,2020-03-10
https://www.unplug.style/spots/curim,2020-03-10
https://www.unplug.style/spots/pego,2020-03-10
https://www.unplug.style/spots/anras,2020-03-10
https://www.unplug.style/spots/leven,2020-03-10
https://www.unplug.style/spots/faro,2020-03-09
https://www.unplug.style/spots/sulina,2020-03-09
https://www.unplug.style/spots/cova,2020-03-09
https://www.unplug.style/spots/jacuma,2020-03-09
https://www.unplug.style/spots/haines,2020-03-09
https://www.unplug.style/spots/tai-wan,2020-03-09
https://www.unplug.style/spots/sulima,2020-03-09
https://www.unplug.style/spots/kjul,2020-03-09
https://www.unplug.style/spots/broome,2020-03-09
https://www.unplug.style/spots/tayo,2020-03-09